,id
0,/title/tt1727824/?ref_=kw_li_tt
1,/title/tt1517451/?ref_=kw_li_tt
2,/title/tt0434409/?ref_=kw_li_tt
3,/title/tt5580390/?ref_=kw_li_tt
4,/title/tt5726616/?ref_=kw_li_tt
5,/title/tt4595882/?ref_=kw_li_tt
6,/title/tt0993846/?ref_=kw_li_tt
7,/title/tt8359848/?ref_=kw_li_tt
8,/title/tt0446029/?ref_=kw_li_tt
9,/title/tt0795421/?ref_=kw_li_tt
10,/title/tt6772950/?ref_=kw_li_tt
11,/title/tt5164432/?ref_=kw_li_tt
12,/title/tt2316204/?ref_=kw_li_tt
13,/title/tt2531344/?ref_=kw_li_tt
14,/title/tt1371111/?ref_=kw_li_tt
15,/title/tt2404639/?ref_=kw_li_tt
16,/title/tt1895587/?ref_=kw_li_tt
17,/title/tt1659337/?ref_=kw_li_tt
18,/title/tt0298203/?ref_=kw_li_tt
19,/title/tt5308322/?ref_=kw_li_tt
20,/title/tt3569230/?ref_=kw_li_tt
21,/title/tt0290673/?ref_=kw_li_tt
22,/title/tt1564367/?ref_=kw_li_tt
23,/title/tt0388795/?ref_=kw_li_tt
24,/title/tt0790636/?ref_=kw_li_tt
25,/title/tt1650554/?ref_=kw_li_tt
26,/title/tt0256415/?ref_=kw_li_tt
27,/title/tt0810819/?ref_=kw_li_tt
28,/title/tt1860213/?ref_=kw_li_tt
29,/title/tt0396269/?ref_=kw_li_tt
30,/title/tt1282140/?ref_=kw_li_tt
31,/title/tt5073620/?ref_=kw_li_tt
32,/title/tt1605630/?ref_=kw_li_tt
33,/title/tt1261945/?ref_=kw_li_tt
34,/title/tt0780536/?ref_=kw_li_tt
35,/title/tt0415306/?ref_=kw_li_tt
36,/title/tt0340855/?ref_=kw_li_tt
37,/title/tt1336608/?ref_=kw_li_tt
38,/title/tt0375912/?ref_=kw_li_tt
39,/title/tt0245574/?ref_=kw_li_tt
40,/title/tt7681902/?ref_=kw_li_tt
41,/title/tt4178092/?ref_=kw_li_tt
42,/title/tt2279339/?ref_=kw_li_tt
43,/title/tt3881784/?ref_=kw_li_tt
44,/title/tt0449059/?ref_=kw_li_tt
45,/title/tt1007028/?ref_=kw_li_tt
46,/title/tt0356150/?ref_=kw_li_tt
47,/title/tt1637725/?ref_=kw_li_tt
48,/title/tt4438848/?ref_=kw_li_tt
49,/title/tt0221027/?ref_=kw_li_tt
50,/title/tt0144117/?ref_=kw_li_tt
51,/title/tt0127536/?ref_=kw_li_tt
52,/title/tt0142342/?ref_=kw_li_tt
53,/title/tt1032755/?ref_=kw_li_tt
54,/title/tt0430922/?ref_=kw_li_tt
55,/title/tt0443453/?ref_=kw_li_tt
56,/title/tt3317234/?ref_=kw_li_tt
57,/title/tt0348333/?ref_=kw_li_tt
58,/title/tt4954522/?ref_=kw_li_tt
59,/title/tt3280262/?ref_=kw_li_tt
60,/title/tt1191111/?ref_=kw_li_tt
61,/title/tt2503944/?ref_=kw_li_tt
62,/title/tt4602066/?ref_=kw_li_tt
63,/title/tt0175880/?ref_=kw_li_tt
64,/title/tt0346491/?ref_=kw_li_tt
65,/title/tt2823054/?ref_=kw_li_tt
66,/title/tt1155056/?ref_=kw_li_tt
67,/title/tt0389860/?ref_=kw_li_tt
68,/title/tt5160938/?ref_=kw_li_tt
69,/title/tt1135985/?ref_=kw_li_tt
70,/title/tt0294870/?ref_=kw_li_tt
71,/title/tt0362120/?ref_=kw_li_tt
72,/title/tt1623288/?ref_=kw_li_tt
73,/title/tt0328589/?ref_=kw_li_tt
74,/title/tt0795368/?ref_=kw_li_tt
75,/title/tt0249462/?ref_=kw_li_tt
76,/title/tt0126886/?ref_=kw_li_tt
77,/title/tt1315981/?ref_=kw_li_tt
78,/title/tt0280707/?ref_=kw_li_tt
79,/title/tt0404203/?ref_=kw_li_tt
80,/title/tt3312830/?ref_=kw_li_tt
81,/title/tt0144120/?ref_=kw_li_tt
82,/title/tt1441953/?ref_=kw_li_tt
83,/title/tt0242423/?ref_=kw_li_tt
84,/title/tt0307987/?ref_=kw_li_tt
85,/title/tt5635086/?ref_=kw_li_tt
86,/title/tt1013753/?ref_=kw_li_tt
87,/title/tt1014763/?ref_=kw_li_tt
88,/title/tt1625346/?ref_=kw_li_tt
89,/title/tt0472399/?ref_=kw_li_tt
90,/title/tt3169706/?ref_=kw_li_tt
91,/title/tt4136084/?ref_=kw_li_tt
92,/title/tt6303866/?ref_=kw_li_tt
93,/title/tt0387131/?ref_=kw_li_tt
94,/title/tt0286499/?ref_=kw_li_tt
95,/title/tt0343135/?ref_=kw_li_tt
96,/title/tt0417148/?ref_=kw_li_tt
97,/title/tt0981227/?ref_=kw_li_tt
98,/title/tt1496422/?ref_=kw_li_tt
99,/title/tt5884230/?ref_=kw_li_tt
100,/title/tt2334649/?ref_=kw_li_tt
101,/title/tt0230030/?ref_=kw_li_tt
102,/title/tt0379725/?ref_=kw_li_tt
103,/title/tt0243736/?ref_=kw_li_tt
104,/title/tt1528071/?ref_=kw_li_tt
105,/title/tt0230838/?ref_=kw_li_tt
106,/title/tt4411596/?ref_=kw_li_tt
107,/title/tt0425210/?ref_=kw_li_tt
108,/title/tt2980210/?ref_=kw_li_tt
109,/title/tt0171804/?ref_=kw_li_tt
110,/title/tt0270288/?ref_=kw_li_tt
111,/title/tt5460880/?ref_=kw_li_tt
112,/title/tt1616195/?ref_=kw_li_tt
113,/title/tt0283003/?ref_=kw_li_tt
114,/title/tt0292644/?ref_=kw_li_tt
115,/title/tt0866439/?ref_=kw_li_tt
116,/title/tt3671542/?ref_=kw_li_tt
117,/title/tt0918927/?ref_=kw_li_tt
118,/title/tt2401878/?ref_=kw_li_tt
119,/title/tt0421994/?ref_=kw_li_tt
120,/title/tt6999052/?ref_=kw_li_tt
121,/title/tt1083456/?ref_=kw_li_tt
122,/title/tt0363589/?ref_=kw_li_tt
123,/title/tt1412386/?ref_=kw_li_tt
124,/title/tt0253867/?ref_=kw_li_tt
125,/title/tt0301470/?ref_=kw_li_tt
126,/title/tt0489049/?ref_=kw_li_tt
127,/title/tt2567712/?ref_=kw_li_tt
128,/title/tt0218839/?ref_=kw_li_tt
129,/title/tt5129682/?ref_=kw_li_tt
130,/title/tt1291580/?ref_=kw_li_tt
131,/title/tt4080728/?ref_=kw_li_tt
132,/title/tt0762107/?ref_=kw_li_tt
133,/title/tt0120577/?ref_=kw_li_tt
134,/title/tt1928340/?ref_=kw_li_tt
135,/title/tt0926129/?ref_=kw_li_tt
136,/title/tt1311071/?ref_=kw_li_tt
137,/title/tt5078204/?ref_=kw_li_tt
138,/title/tt0305711/?ref_=kw_li_tt
139,/title/tt0323944/?ref_=kw_li_tt
140,/title/tt2097307/?ref_=kw_li_tt
141,/title/tt0370986/?ref_=kw_li_tt
142,/title/tt0364751/?ref_=kw_li_tt
143,/title/tt1058017/?ref_=kw_li_tt
144,/title/tt0165710/?ref_=kw_li_tt
145,/title/tt0179116/?ref_=kw_li_tt
146,/title/tt2431286/?ref_=kw_li_tt
147,/title/tt1893256/?ref_=kw_li_tt
148,/title/tt6400166/?ref_=kw_li_tt
149,/title/tt0465551/?ref_=kw_li_tt
150,/title/tt0299930/?ref_=kw_li_tt
151,/title/tt0158983/?ref_=kw_li_tt
152,/title/tt0436331/?ref_=kw_li_tt
153,/title/tt0371257/?ref_=kw_li_tt
154,/title/tt1532503/?ref_=kw_li_tt
155,/title/tt1027862/?ref_=kw_li_tt
156,/title/tt1575539/?ref_=kw_li_tt
157,/title/tt0963743/?ref_=kw_li_tt
158,/title/tt1385867/?ref_=kw_li_tt
159,/title/tt0401711/?ref_=kw_li_tt
160,/title/tt1658801/?ref_=kw_li_tt
161,/title/tt2487028/?ref_=kw_li_tt
162,/title/tt0457433/?ref_=kw_li_tt
163,/title/tt0210616/?ref_=kw_li_tt
164,/title/tt0350261/?ref_=kw_li_tt
165,/title/tt0335438/?ref_=kw_li_tt
166,/title/tt0468489/?ref_=kw_li_tt
167,/title/tt5160154/?ref_=kw_li_tt
168,/title/tt0367085/?ref_=kw_li_tt
169,/title/tt3713030/?ref_=kw_li_tt
170,/title/tt0320244/?ref_=kw_li_tt
171,/title/tt0808417/?ref_=kw_li_tt
172,/title/tt1178663/?ref_=kw_li_tt
173,/title/tt0477139/?ref_=kw_li_tt
174,/title/tt0362269/?ref_=kw_li_tt
175,/title/tt6135348/?ref_=kw_li_tt
176,/title/tt6113122/?ref_=kw_li_tt
177,/title/tt0466342/?ref_=kw_li_tt
178,/title/tt0433383/?ref_=kw_li_tt
179,/title/tt1639084/?ref_=kw_li_tt
180,/title/tt5016946/?ref_=kw_li_tt
181,/title/tt2617828/?ref_=kw_li_tt
182,/title/tt6053440/?ref_=kw_li_tt
183,/title/tt0830570/?ref_=kw_li_tt
184,/title/tt1045772/?ref_=kw_li_tt
185,/title/tt1405365/?ref_=kw_li_tt
186,/title/tt1704573/?ref_=kw_li_tt
187,/title/tt0427969/?ref_=kw_li_tt
188,/title/tt2238050/?ref_=kw_li_tt
189,/title/tt0427312/?ref_=kw_li_tt
190,/title/tt0369735/?ref_=kw_li_tt
191,/title/tt0412536/?ref_=kw_li_tt
192,/title/tt0411195/?ref_=kw_li_tt
193,/title/tt0466839/?ref_=kw_li_tt
194,/title/tt0257516/?ref_=kw_li_tt
195,/title/tt0377091/?ref_=kw_li_tt
196,/title/tt0379976/?ref_=kw_li_tt
197,/title/tt3704050/?ref_=kw_li_tt
198,/title/tt0264796/?ref_=kw_li_tt
199,/title/tt0942384/?ref_=kw_li_tt
200,/title/tt0482527/?ref_=kw_li_tt
201,/title/tt3239442/?ref_=kw_li_tt
202,/title/tt1254322/?ref_=kw_li_tt
203,/title/tt0248845/?ref_=kw_li_tt
204,/title/tt2403029/?ref_=kw_li_tt
205,/title/tt3686998/?ref_=kw_li_tt
206,/title/tt1424797/?ref_=kw_li_tt
207,/title/tt4842646/?ref_=kw_li_tt
208,/title/tt3282858/?ref_=kw_li_tt
209,/title/tt6256872/?ref_=kw_li_tt
210,/title/tt0309530/?ref_=kw_li_tt
211,/title/tt0349710/?ref_=kw_li_tt
212,/title/tt0478126/?ref_=kw_li_tt
213,/title/tt1440741/?ref_=kw_li_tt
214,/title/tt8307082/?ref_=kw_li_tt
215,/title/tt4978710/?ref_=kw_li_tt
216,/title/tt2784678/?ref_=kw_li_tt
217,/title/tt6009104/?ref_=kw_li_tt
218,/title/tt0264761/?ref_=kw_li_tt
219,/title/tt0790623/?ref_=kw_li_tt
220,/title/tt7489816/?ref_=kw_li_tt
221,/title/tt0133189/?ref_=kw_li_tt
222,/title/tt0247196/?ref_=kw_li_tt
223,/title/tt3397754/?ref_=kw_li_tt
224,/title/tt1684628/?ref_=kw_li_tt
225,/title/tt0475380/?ref_=kw_li_tt
226,/title/tt1680114/?ref_=kw_li_tt
227,/title/tt1285309/?ref_=kw_li_tt
228,/title/tt3018070/?ref_=kw_li_tt
229,/title/tt3899516/?ref_=kw_li_tt
230,/title/tt0857265/?ref_=kw_li_tt
231,/title/tt3638396/?ref_=kw_li_tt
232,/title/tt1964624/?ref_=kw_li_tt
233,/title/tt2427892/?ref_=kw_li_tt
234,/title/tt4262174/?ref_=kw_li_tt
235,/title/tt0264150/?ref_=kw_li_tt
236,/title/tt2980472/?ref_=kw_li_tt
237,/title/tt0354899/?ref_=kw_li_tt
238,/title/tt3635788/?ref_=kw_li_tt
239,/title/tt0906108/?ref_=kw_li_tt
240,/title/tt1675161/?ref_=kw_li_tt
241,/title/tt1702014/?ref_=kw_li_tt
242,/title/tt0465375/?ref_=kw_li_tt
243,/title/tt5883632/?ref_=kw_li_tt
244,/title/tt0266452/?ref_=kw_li_tt
245,/title/tt1967651/?ref_=kw_li_tt
246,/title/tt2429074/?ref_=kw_li_tt
247,/title/tt0345551/?ref_=kw_li_tt
248,/title/tt6577814/?ref_=kw_li_tt
249,/title/tt0387514/?ref_=kw_li_tt
250,/title/tt0120772/?ref_=kw_li_tt
251,/title/tt0120777/?ref_=kw_li_tt
252,/title/tt4451458/?ref_=kw_li_tt
253,/title/tt0285728/?ref_=kw_li_tt
254,/title/tt5755280/?ref_=kw_li_tt
255,/title/tt0464049/?ref_=kw_li_tt
256,/title/tt0120728/?ref_=kw_li_tt
257,/title/tt1107319/?ref_=kw_li_tt
258,/title/tt0195234/?ref_=kw_li_tt
259,/title/tt0247586/?ref_=kw_li_tt
260,/title/tt0285462/?ref_=kw_li_tt
261,/title/tt4900716/?ref_=kw_li_tt
262,/title/tt2707858/?ref_=kw_li_tt
263,/title/tt1440232/?ref_=kw_li_tt
264,/title/tt4723724/?ref_=kw_li_tt
265,/title/tt2318625/?ref_=kw_li_tt
266,/title/tt4686862/?ref_=kw_li_tt
267,/title/tt3710966/?ref_=kw_li_tt
268,/title/tt2852458/?ref_=kw_li_tt
269,/title/tt0342172/?ref_=kw_li_tt
270,/title/tt0145734/?ref_=kw_li_tt
271,/title/tt5842890/?ref_=kw_li_tt
272,/title/tt3978720/?ref_=kw_li_tt
273,/title/tt0785007/?ref_=kw_li_tt
274,/title/tt2176690/?ref_=kw_li_tt
275,/title/tt1625150/?ref_=kw_li_tt
276,/title/tt2690138/?ref_=kw_li_tt
277,/title/tt0439289/?ref_=kw_li_tt
278,/title/tt0401085/?ref_=kw_li_tt
279,/title/tt4007248/?ref_=kw_li_tt
280,/title/tt0457297/?ref_=kw_li_tt
281,/title/tt2474310/?ref_=kw_li_tt
282,/title/tt7925066/?ref_=kw_li_tt
283,/title/tt6627466/?ref_=kw_li_tt
284,/title/tt0443431/?ref_=kw_li_tt
285,/title/tt0368658/?ref_=kw_li_tt
286,/title/tt1701990/?ref_=kw_li_tt
287,/title/tt4257858/?ref_=kw_li_tt
288,/title/tt0765447/?ref_=kw_li_tt
289,/title/tt0362590/?ref_=kw_li_tt
290,/title/tt0203755/?ref_=kw_li_tt
291,/title/tt4929038/?ref_=kw_li_tt
292,/title/tt7689424/?ref_=kw_li_tt
293,/title/tt3279176/?ref_=kw_li_tt
294,/title/tt0342167/?ref_=kw_li_tt
295,/title/tt0155711/?ref_=kw_li_tt
296,/title/tt4613254/?ref_=kw_li_tt
297,/title/tt2707848/?ref_=kw_li_tt
298,/title/tt1153706/?ref_=kw_li_tt
299,/title/tt3320500/?ref_=kw_li_tt
300,/title/tt7761014/?ref_=kw_li_tt
301,/title/tt0118301/?ref_=kw_li_tt
302,/title/tt0165854/?ref_=kw_li_tt
303,/title/tt0892767/?ref_=kw_li_tt
304,/title/tt2433190/?ref_=kw_li_tt
305,/title/tt3520216/?ref_=kw_li_tt
306,/title/tt0283900/?ref_=kw_li_tt
307,/title/tt3544014/?ref_=kw_li_tt
308,/title/tt0796375/?ref_=kw_li_tt
309,/title/tt0463027/?ref_=kw_li_tt
310,/title/tt0828393/?ref_=kw_li_tt
311,/title/tt0365885/?ref_=kw_li_tt
312,/title/tt0995829/?ref_=kw_li_tt
313,/title/tt5226984/?ref_=kw_li_tt
314,/title/tt1185420/?ref_=kw_li_tt
315,/title/tt2788716/?ref_=kw_li_tt
316,/title/tt0364955/?ref_=kw_li_tt
317,/title/tt5989394/?ref_=kw_li_tt
318,/title/tt0205177/?ref_=kw_li_tt
319,/title/tt1833846/?ref_=kw_li_tt
320,/title/tt0222850/?ref_=kw_li_tt
321,/title/tt1996264/?ref_=kw_li_tt
322,/title/tt0443496/?ref_=kw_li_tt
323,/title/tt0381429/?ref_=kw_li_tt
324,/title/tt5096628/?ref_=kw_li_tt
325,/title/tt0265651/?ref_=kw_li_tt
326,/title/tt0362511/?ref_=kw_li_tt
327,/title/tt0152015/?ref_=kw_li_tt
328,/title/tt0815241/?ref_=kw_li_tt
329,/title/tt0352277/?ref_=kw_li_tt
330,/title/tt2624412/?ref_=kw_li_tt
331,/title/tt0149723/?ref_=kw_li_tt
332,/title/tt0372884/?ref_=kw_li_tt
333,/title/tt4331970/?ref_=kw_li_tt
334,/title/tt6110504/?ref_=kw_li_tt
335,/title/tt2801746/?ref_=kw_li_tt
336,/title/tt2248739/?ref_=kw_li_tt
337,/title/tt0811106/?ref_=kw_li_tt
338,/title/tt5803438/?ref_=kw_li_tt
339,/title/tt5050788/?ref_=kw_li_tt
340,/title/tt0804552/?ref_=kw_li_tt
341,/title/tt4843344/?ref_=kw_li_tt
342,/title/tt0140587/?ref_=kw_li_tt
343,/title/tt0125971/?ref_=kw_li_tt
344,/title/tt2091325/?ref_=kw_li_tt
345,/title/tt0822833/?ref_=kw_li_tt
346,/title/tt0242587/?ref_=kw_li_tt
347,/title/tt0420206/?ref_=kw_li_tt
348,/title/tt4288636/?ref_=kw_li_tt
349,/title/tt0337573/?ref_=kw_li_tt
350,/title/tt5231812/?ref_=kw_li_tt
351,/title/tt3289362/?ref_=kw_li_tt
352,/title/tt2871256/?ref_=kw_li_tt
353,/title/tt4126434/?ref_=kw_li_tt
354,/title/tt0470765/?ref_=kw_li_tt
355,/title/tt5278464/?ref_=kw_li_tt
356,/title/tt2260850/?ref_=kw_li_tt
357,/title/tt0472582/?ref_=kw_li_tt
358,/title/tt2196053/?ref_=kw_li_tt
359,/title/tt1727261/?ref_=kw_li_tt
360,/title/tt3007302/?ref_=kw_li_tt
361,/title/tt0150216/?ref_=kw_li_tt
362,/title/tt4216902/?ref_=kw_li_tt
363,/title/tt0293007/?ref_=kw_li_tt
364,/title/tt1221188/?ref_=kw_li_tt
365,/title/tt0242795/?ref_=kw_li_tt
366,/title/tt0162710/?ref_=kw_li_tt
367,/title/tt0305973/?ref_=kw_li_tt
368,/title/tt3797142/?ref_=kw_li_tt
369,/title/tt0254199/?ref_=kw_li_tt
370,/title/tt4650414/?ref_=kw_li_tt
371,/title/tt0271580/?ref_=kw_li_tt
372,/title/tt2639344/?ref_=kw_li_tt
373,/title/tt1185431/?ref_=kw_li_tt
374,/title/tt0162973/?ref_=kw_li_tt
375,/title/tt4327510/?ref_=kw_li_tt
376,/title/tt0204137/?ref_=kw_li_tt
377,/title/tt0119219/?ref_=kw_li_tt
378,/title/tt0433350/?ref_=kw_li_tt
379,/title/tt0379370/?ref_=kw_li_tt
380,/title/tt0841044/?ref_=kw_li_tt
381,/title/tt1472059/?ref_=kw_li_tt
382,/title/tt1405810/?ref_=kw_li_tt
383,/title/tt0825236/?ref_=kw_li_tt
384,/title/tt0359423/?ref_=kw_li_tt
385,/title/tt5076792/?ref_=kw_li_tt
386,/title/tt0889595/?ref_=kw_li_tt
387,/title/tt1840911/?ref_=kw_li_tt
388,/title/tt0823188/?ref_=kw_li_tt
389,/title/tt3278224/?ref_=kw_li_tt
390,/title/tt1241316/?ref_=kw_li_tt
391,/title/tt3726012/?ref_=kw_li_tt
392,/title/tt0184526/?ref_=kw_li_tt
393,/title/tt0416773/?ref_=kw_li_tt
394,/title/tt1808454/?ref_=kw_li_tt
395,/title/tt2773246/?ref_=kw_li_tt
396,/title/tt4375438/?ref_=kw_li_tt
397,/title/tt0165643/?ref_=kw_li_tt
398,/title/tt1811307/?ref_=kw_li_tt
399,/title/tt3125652/?ref_=kw_li_tt
400,/title/tt6320482/?ref_=kw_li_tt
401,/title/tt1727252/?ref_=kw_li_tt
402,/title/tt0375735/?ref_=kw_li_tt
403,/title/tt1049402/?ref_=kw_li_tt
404,/title/tt2259122/?ref_=kw_li_tt
405,/title/tt2106739/?ref_=kw_li_tt
406,/title/tt0338135/?ref_=kw_li_tt
407,/title/tt2166616/?ref_=kw_li_tt
408,/title/tt1003034/?ref_=kw_li_tt
409,/title/tt1510918/?ref_=kw_li_tt
410,/title/tt0377701/?ref_=kw_li_tt
411,/title/tt0325123/?ref_=kw_li_tt
412,/title/tt0259393/?ref_=kw_li_tt
413,/title/tt4765862/?ref_=kw_li_tt
414,/title/tt0814331/?ref_=kw_li_tt
415,/title/tt0250323/?ref_=kw_li_tt
416,/title/tt0417189/?ref_=kw_li_tt
417,/title/tt0812243/?ref_=kw_li_tt
418,/title/tt1606180/?ref_=kw_li_tt
419,/title/tt0326900/?ref_=kw_li_tt
420,/title/tt0138487/?ref_=kw_li_tt
421,/title/tt3810810/?ref_=kw_li_tt
422,/title/tt0413015/?ref_=kw_li_tt
423,/title/tt0795376/?ref_=kw_li_tt
424,/title/tt0165859/?ref_=kw_li_tt
425,/title/tt0171356/?ref_=kw_li_tt
426,/title/tt1838571/?ref_=kw_li_tt
427,/title/tt4809238/?ref_=kw_li_tt
428,/title/tt0421090/?ref_=kw_li_tt
429,/title/tt0427089/?ref_=kw_li_tt
430,/title/tt1104733/?ref_=kw_li_tt
431,/title/tt1827528/?ref_=kw_li_tt
432,/title/tt0212974/?ref_=kw_li_tt
433,/title/tt4985848/?ref_=kw_li_tt
434,/title/tt1599296/?ref_=kw_li_tt
435,/title/tt0269483/?ref_=kw_li_tt
436,/title/tt0156841/?ref_=kw_li_tt
437,/title/tt0996605/?ref_=kw_li_tt
438,/title/tt0465142/?ref_=kw_li_tt
439,/title/tt2181931/?ref_=kw_li_tt
440,/title/tt0190861/?ref_=kw_li_tt
441,/title/tt3360038/?ref_=kw_li_tt
442,/title/tt2507238/?ref_=kw_li_tt
443,/title/tt0783608/?ref_=kw_li_tt
444,/title/tt0204640/?ref_=kw_li_tt
445,/title/tt1302559/?ref_=kw_li_tt
446,/title/tt1756427/?ref_=kw_li_tt
447,/title/tt0218864/?ref_=kw_li_tt
448,/title/tt1424327/?ref_=kw_li_tt
449,/title/tt1034320/?ref_=kw_li_tt
450,/title/tt0239381/?ref_=kw_li_tt
451,/title/tt1572311/?ref_=kw_li_tt
452,/title/tt6933338/?ref_=kw_li_tt
453,/title/tt0237993/?ref_=kw_li_tt
454,/title/tt0274497/?ref_=kw_li_tt
455,/title/tt0847833/?ref_=kw_li_tt
456,/title/tt2637378/?ref_=kw_li_tt
457,/title/tt1450326/?ref_=kw_li_tt
458,/title/tt0334754/?ref_=kw_li_tt
459,/title/tt2087850/?ref_=kw_li_tt
460,/title/tt5834036/?ref_=kw_li_tt
461,/title/tt1833845/?ref_=kw_li_tt
462,/title/tt0330602/?ref_=kw_li_tt
463,/title/tt5022872/?ref_=kw_li_tt
464,/title/tt0119577/?ref_=kw_li_tt
465,/title/tt1859603/?ref_=kw_li_tt
466,/title/tt1728978/?ref_=kw_li_tt
467,/title/tt2397531/?ref_=kw_li_tt
468,/title/tt1155053/?ref_=kw_li_tt
469,/title/tt2011953/?ref_=kw_li_tt
470,/title/tt0119778/?ref_=kw_li_tt
471,/title/tt2235902/?ref_=kw_li_tt
472,/title/tt0476991/?ref_=kw_li_tt
473,/title/tt0141907/?ref_=kw_li_tt
474,/title/tt6089458/?ref_=kw_li_tt
475,/title/tt0219374/?ref_=kw_li_tt
476,/title/tt0470732/?ref_=kw_li_tt
477,/title/tt3588082/?ref_=kw_li_tt
478,/title/tt0451176/?ref_=kw_li_tt
479,/title/tt5458566/?ref_=kw_li_tt
480,/title/tt0120531/?ref_=kw_li_tt
481,/title/tt0436262/?ref_=kw_li_tt
482,/title/tt0250809/?ref_=kw_li_tt
483,/title/tt0762105/?ref_=kw_li_tt
484,/title/tt5106400/?ref_=kw_li_tt
485,/title/tt4027504/?ref_=kw_li_tt
486,/title/tt1533053/?ref_=kw_li_tt
487,/title/tt1796406/?ref_=kw_li_tt
488,/title/tt0896923/?ref_=kw_li_tt
489,/title/tt0187712/?ref_=kw_li_tt
490,/title/tt1090679/?ref_=kw_li_tt
491,/title/tt0446687/?ref_=kw_li_tt
492,/title/tt0319531/?ref_=kw_li_tt
493,/title/tt0339419/?ref_=kw_li_tt
494,/title/tt1408972/?ref_=kw_li_tt
495,/title/tt2712990/?ref_=kw_li_tt
496,/title/tt0200530/?ref_=kw_li_tt
497,/title/tt2240764/?ref_=kw_li_tt
498,/title/tt1562849/?ref_=kw_li_tt
499,/title/tt1754944/?ref_=kw_li_tt
500,/title/tt3764122/?ref_=kw_li_tt
501,/title/tt0279064/?ref_=kw_li_tt
502,/title/tt2186812/?ref_=kw_li_tt
503,/title/tt0360032/?ref_=kw_li_tt
504,/title/tt1712573/?ref_=kw_li_tt
505,/title/tt3532686/?ref_=kw_li_tt
506,/title/tt0480251/?ref_=kw_li_tt
507,/title/tt0340137/?ref_=kw_li_tt
508,/title/tt0381668/?ref_=kw_li_tt
509,/title/tt0162360/?ref_=kw_li_tt
510,/title/tt0408961/?ref_=kw_li_tt
511,/title/tt3498918/?ref_=kw_li_tt
512,/title/tt0790653/?ref_=kw_li_tt
513,/title/tt3212408/?ref_=kw_li_tt
514,/title/tt1067733/?ref_=kw_li_tt
515,/title/tt1024770/?ref_=kw_li_tt
516,/title/tt1943765/?ref_=kw_li_tt
517,/title/tt0156729/?ref_=kw_li_tt
518,/title/tt2623502/?ref_=kw_li_tt
519,/title/tt1058058/?ref_=kw_li_tt
520,/title/tt1051981/?ref_=kw_li_tt
521,/title/tt1500512/?ref_=kw_li_tt
522,/title/tt0405163/?ref_=kw_li_tt
523,/title/tt2574576/?ref_=kw_li_tt
524,/title/tt2352488/?ref_=kw_li_tt
525,/title/tt8792898/?ref_=kw_li_tt
526,/title/tt0460732/?ref_=kw_li_tt
527,/title/tt4696310/?ref_=kw_li_tt
528,/title/tt1559036/?ref_=kw_li_tt
529,/title/tt2991092/?ref_=kw_li_tt
530,/title/tt1334537/?ref_=kw_li_tt
531,/title/tt1368491/?ref_=kw_li_tt
532,/title/tt0138414/?ref_=kw_li_tt
533,/title/tt0250067/?ref_=kw_li_tt
534,/title/tt0405022/?ref_=kw_li_tt
535,/title/tt7238326/?ref_=kw_li_tt
536,/title/tt1603789/?ref_=kw_li_tt
537,/title/tt1106447/?ref_=kw_li_tt
538,/title/tt6719566/?ref_=kw_li_tt
539,/title/tt0250202/?ref_=kw_li_tt
540,/title/tt1703125/?ref_=kw_li_tt
541,/title/tt1702429/?ref_=kw_li_tt
542,/title/tt0383353/?ref_=kw_li_tt
543,/title/tt1634524/?ref_=kw_li_tt
544,/title/tt1426320/?ref_=kw_li_tt
545,/title/tt2609778/?ref_=kw_li_tt
546,/title/tt0245115/?ref_=kw_li_tt
547,/title/tt2328490/?ref_=kw_li_tt
548,/title/tt1134674/?ref_=kw_li_tt
549,/title/tt8144850/?ref_=kw_li_tt
550,/title/tt2924590/?ref_=kw_li_tt
551,/title/tt5811808/?ref_=kw_li_tt
552,/title/tt4806012/?ref_=kw_li_tt
553,/title/tt0470715/?ref_=kw_li_tt
554,/title/tt2375589/?ref_=kw_li_tt
555,/title/tt6350304/?ref_=kw_li_tt
556,/title/tt2066176/?ref_=kw_li_tt
557,/title/tt3912214/?ref_=kw_li_tt
558,/title/tt0964516/?ref_=kw_li_tt
559,/title/tt2403558/?ref_=kw_li_tt
560,/title/tt2083231/?ref_=kw_li_tt
561,/title/tt0476643/?ref_=kw_li_tt
562,/title/tt3621802/?ref_=kw_li_tt
563,/title/tt1967697/?ref_=kw_li_tt
564,/title/tt0810945/?ref_=kw_li_tt
565,/title/tt2560102/?ref_=kw_li_tt
566,/title/tt1650393/?ref_=kw_li_tt
567,/title/tt0489286/?ref_=kw_li_tt
568,/title/tt2076897/?ref_=kw_li_tt
569,/title/tt3186946/?ref_=kw_li_tt
570,/title/tt4427060/?ref_=kw_li_tt
571,/title/tt1754257/?ref_=kw_li_tt
572,/title/tt1242642/?ref_=kw_li_tt
573,/title/tt1412442/?ref_=kw_li_tt
574,/title/tt6046212/?ref_=kw_li_tt
575,/title/tt1114723/?ref_=kw_li_tt
576,/title/tt3026824/?ref_=kw_li_tt
577,/title/tt1200272/?ref_=kw_li_tt
578,/title/tt0352994/?ref_=kw_li_tt
579,/title/tt0213682/?ref_=kw_li_tt
580,/title/tt0216787/?ref_=kw_li_tt
581,/title/tt2306783/?ref_=kw_li_tt
582,/title/tt2124803/?ref_=kw_li_tt
583,/title/tt6048582/?ref_=kw_li_tt
584,/title/tt1305714/?ref_=kw_li_tt
585,/title/tt0421045/?ref_=kw_li_tt
586,/title/tt0428059/?ref_=kw_li_tt
587,/title/tt1753460/?ref_=kw_li_tt
588,/title/tt3185602/?ref_=kw_li_tt
589,/title/tt3121332/?ref_=kw_li_tt
590,/title/tt0301524/?ref_=kw_li_tt
591,/title/tt4229432/?ref_=kw_li_tt
592,/title/tt0473514/?ref_=kw_li_tt
593,/title/tt0373024/?ref_=kw_li_tt
594,/title/tt2379082/?ref_=kw_li_tt
595,/title/tt4292596/?ref_=kw_li_tt
596,/title/tt0455958/?ref_=kw_li_tt
597,/title/tt3421738/?ref_=kw_li_tt
598,/title/tt0325761/?ref_=kw_li_tt
599,/title/tt0807758/?ref_=kw_li_tt
600,/title/tt1995329/?ref_=kw_li_tt
601,/title/tt5825150/?ref_=kw_li_tt
602,/title/tt0275692/?ref_=kw_li_tt
603,/title/tt0954544/?ref_=kw_li_tt
604,/title/tt1120945/?ref_=kw_li_tt
605,/title/tt0430651/?ref_=kw_li_tt
606,/title/tt0376568/?ref_=kw_li_tt
607,/title/tt0322725/?ref_=kw_li_tt
608,/title/tt0210094/?ref_=kw_li_tt
609,/title/tt5024728/?ref_=kw_li_tt
610,/title/tt0382073/?ref_=kw_li_tt
611,/title/tt0180316/?ref_=kw_li_tt
612,/title/tt1621446/?ref_=kw_li_tt
613,/title/tt0364120/?ref_=kw_li_tt
614,/title/tt1068669/?ref_=kw_li_tt
615,/title/tt2141761/?ref_=kw_li_tt
616,/title/tt0389828/?ref_=kw_li_tt
617,/title/tt0166604/?ref_=kw_li_tt
618,/title/tt6492186/?ref_=kw_li_tt
619,/title/tt4721400/?ref_=kw_li_tt
620,/title/tt0893346/?ref_=kw_li_tt
621,/title/tt2402623/?ref_=kw_li_tt
622,/title/tt3250032/?ref_=kw_li_tt
623,/title/tt1784575/?ref_=kw_li_tt
624,/title/tt2357788/?ref_=kw_li_tt
625,/title/tt2976920/?ref_=kw_li_tt
626,/title/tt3946300/?ref_=kw_li_tt
627,/title/tt0372122/?ref_=kw_li_tt
628,/title/tt0356159/?ref_=kw_li_tt
629,/title/tt0246404/?ref_=kw_li_tt
630,/title/tt0466665/?ref_=kw_li_tt
631,/title/tt1854568/?ref_=kw_li_tt
632,/title/tt5332158/?ref_=kw_li_tt
633,/title/tt1692227/?ref_=kw_li_tt
634,/title/tt2866824/?ref_=kw_li_tt
635,/title/tt2494476/?ref_=kw_li_tt
636,/title/tt2315200/?ref_=kw_li_tt
637,/title/tt1504429/?ref_=kw_li_tt
638,/title/tt1387312/?ref_=kw_li_tt
639,/title/tt6665464/?ref_=kw_li_tt
640,/title/tt3859872/?ref_=kw_li_tt
641,/title/tt2577990/?ref_=kw_li_tt
642,/title/tt0439848/?ref_=kw_li_tt
643,/title/tt2281345/?ref_=kw_li_tt
644,/title/tt0155197/?ref_=kw_li_tt
645,/title/tt0212815/?ref_=kw_li_tt
646,/title/tt0419992/?ref_=kw_li_tt
647,/title/tt0768183/?ref_=kw_li_tt
648,/title/tt0486751/?ref_=kw_li_tt
649,/title/tt1883160/?ref_=kw_li_tt
650,/title/tt2402194/?ref_=kw_li_tt
651,/title/tt0380420/?ref_=kw_li_tt
652,/title/tt3607322/?ref_=kw_li_tt
653,/title/tt3880898/?ref_=kw_li_tt
654,/title/tt0479506/?ref_=kw_li_tt
655,/title/tt4097612/?ref_=kw_li_tt
656,/title/tt0362138/?ref_=kw_li_tt
657,/title/tt2199543/?ref_=kw_li_tt
658,/title/tt2405182/?ref_=kw_li_tt
659,/title/tt1845804/?ref_=kw_li_tt
660,/title/tt0332285/?ref_=kw_li_tt
661,/title/tt0399465/?ref_=kw_li_tt
662,/title/tt4018492/?ref_=kw_li_tt
663,/title/tt1288571/?ref_=kw_li_tt
664,/title/tt1278073/?ref_=kw_li_tt
665,/title/tt1362068/?ref_=kw_li_tt
666,/title/tt1483020/?ref_=kw_li_tt
667,/title/tt3522530/?ref_=kw_li_tt
668,/title/tt5338832/?ref_=kw_li_tt
669,/title/tt1822302/?ref_=kw_li_tt
670,/title/tt0890885/?ref_=kw_li_tt
671,/title/tt4863784/?ref_=kw_li_tt
672,/title/tt5851030/?ref_=kw_li_tt
673,/title/tt0996948/?ref_=kw_li_tt
674,/title/tt1332052/?ref_=kw_li_tt
675,/title/tt0374277/?ref_=kw_li_tt
676,/title/tt0157044/?ref_=kw_li_tt
677,/title/tt0430768/?ref_=kw_li_tt
678,/title/tt1172186/?ref_=kw_li_tt
679,/title/tt3498364/?ref_=kw_li_tt
680,/title/tt1922721/?ref_=kw_li_tt
681,/title/tt0120878/?ref_=kw_li_tt
682,/title/tt5254640/?ref_=kw_li_tt
683,/title/tt2102499/?ref_=kw_li_tt
684,/title/tt7866702/?ref_=kw_li_tt
685,/title/tt1697878/?ref_=kw_li_tt
686,/title/tt5674842/?ref_=kw_li_tt
687,/title/tt4176556/?ref_=kw_li_tt
688,/title/tt1354564/?ref_=kw_li_tt
689,/title/tt2650642/?ref_=kw_li_tt
690,/title/tt0359045/?ref_=kw_li_tt
691,/title/tt0173080/?ref_=kw_li_tt
692,/title/tt0299213/?ref_=kw_li_tt
693,/title/tt1087440/?ref_=kw_li_tt
694,/title/tt0339071/?ref_=kw_li_tt
695,/title/tt1934487/?ref_=kw_li_tt
696,/title/tt2776106/?ref_=kw_li_tt
697,/title/tt1667691/?ref_=kw_li_tt
698,/title/tt4370256/?ref_=kw_li_tt
699,/title/tt1466054/?ref_=kw_li_tt
700,/title/tt0407246/?ref_=kw_li_tt
701,/title/tt0292066/?ref_=kw_li_tt
702,/title/tt0847745/?ref_=kw_li_tt
703,/title/tt4590092/?ref_=kw_li_tt
704,/title/tt7761590/?ref_=kw_li_tt
705,/title/tt1245358/?ref_=kw_li_tt
706,/title/tt0351770/?ref_=kw_li_tt
707,/title/tt1311082/?ref_=kw_li_tt
708,/title/tt1815717/?ref_=kw_li_tt
709,/title/tt1815799/?ref_=kw_li_tt
710,/title/tt3148952/?ref_=kw_li_tt
711,/title/tt1137994/?ref_=kw_li_tt
712,/title/tt4384088/?ref_=kw_li_tt
713,/title/tt2186781/?ref_=kw_li_tt
714,/title/tt0484039/?ref_=kw_li_tt
715,/title/tt6113798/?ref_=kw_li_tt
716,/title/tt1609160/?ref_=kw_li_tt
717,/title/tt4064498/?ref_=kw_li_tt
718,/title/tt3300442/?ref_=kw_li_tt
719,/title/tt1105734/?ref_=kw_li_tt
720,/title/tt0153464/?ref_=kw_li_tt
721,/title/tt0160620/?ref_=kw_li_tt
722,/title/tt0376874/?ref_=kw_li_tt
723,/title/tt5091538/?ref_=kw_li_tt
724,/title/tt0364986/?ref_=kw_li_tt
725,/title/tt1205551/?ref_=kw_li_tt
726,/title/tt2861478/?ref_=kw_li_tt
727,/title/tt0118834/?ref_=kw_li_tt
728,/title/tt3169740/?ref_=kw_li_tt
729,/title/tt1070887/?ref_=kw_li_tt
730,/title/tt0263386/?ref_=kw_li_tt
731,/title/tt0172543/?ref_=kw_li_tt
732,/title/tt2719796/?ref_=kw_li_tt
733,/title/tt2107835/?ref_=kw_li_tt
734,/title/tt0390538/?ref_=kw_li_tt
735,/title/tt2005156/?ref_=kw_li_tt
736,/title/tt1638898/?ref_=kw_li_tt
737,/title/tt3627854/?ref_=kw_li_tt
738,/title/tt1417097/?ref_=kw_li_tt
739,/title/tt0402230/?ref_=kw_li_tt
740,/title/tt0205735/?ref_=kw_li_tt
741,/title/tt1681371/?ref_=kw_li_tt
742,/title/tt3851412/?ref_=kw_li_tt
743,/title/tt5048406/?ref_=kw_li_tt
744,/title/tt0286855/?ref_=kw_li_tt
745,/title/tt1756791/?ref_=kw_li_tt
746,/title/tt0221838/?ref_=kw_li_tt
747,/title/tt5842218/?ref_=kw_li_tt
748,/title/tt0325733/?ref_=kw_li_tt
749,/title/tt1779076/?ref_=kw_li_tt
750,/title/tt1327820/?ref_=kw_li_tt
751,/title/tt0120709/?ref_=kw_li_tt
752,/title/tt0375919/?ref_=kw_li_tt
753,/title/tt6073558/?ref_=kw_li_tt
754,/title/tt0273719/?ref_=kw_li_tt
755,/title/tt2459920/?ref_=kw_li_tt
756,/title/tt1298530/?ref_=kw_li_tt
757,/title/tt0274407/?ref_=kw_li_tt
758,/title/tt6174890/?ref_=kw_li_tt
759,/title/tt0146990/?ref_=kw_li_tt
760,/title/tt3241870/?ref_=kw_li_tt
761,/title/tt1981568/?ref_=kw_li_tt
762,/title/tt4842270/?ref_=kw_li_tt
763,/title/tt0227277/?ref_=kw_li_tt
764,/title/tt2404645/?ref_=kw_li_tt
765,/title/tt4934886/?ref_=kw_li_tt
766,/title/tt1421376/?ref_=kw_li_tt
767,/title/tt2091235/?ref_=kw_li_tt
768,/title/tt1085496/?ref_=kw_li_tt
769,/title/tt2180463/?ref_=kw_li_tt
770,/title/tt1670994/?ref_=kw_li_tt
771,/title/tt3899706/?ref_=kw_li_tt
772,/title/tt1787837/?ref_=kw_li_tt
773,/title/tt2229592/?ref_=kw_li_tt
774,/title/tt0157208/?ref_=kw_li_tt
775,/title/tt2184331/?ref_=kw_li_tt
776,/title/tt1273204/?ref_=kw_li_tt
777,/title/tt2719868/?ref_=kw_li_tt
778,/title/tt8653638/?ref_=kw_li_tt
779,/title/tt0126810/?ref_=kw_li_tt
780,/title/tt3902600/?ref_=kw_li_tt
781,/title/tt0283288/?ref_=kw_li_tt
782,/title/tt0168794/?ref_=kw_li_tt
783,/title/tt5526028/?ref_=kw_li_tt
784,/title/tt2996228/?ref_=kw_li_tt
785,/title/tt0374252/?ref_=kw_li_tt
786,/title/tt2536124/?ref_=kw_li_tt
787,/title/tt5735582/?ref_=kw_li_tt
788,/title/tt0479275/?ref_=kw_li_tt
789,/title/tt2181867/?ref_=kw_li_tt
790,/title/tt0390418/?ref_=kw_li_tt
791,/title/tt1615916/?ref_=kw_li_tt
792,/title/tt0302889/?ref_=kw_li_tt
793,/title/tt2274604/?ref_=kw_li_tt
794,/title/tt5073738/?ref_=kw_li_tt
795,/title/tt0795371/?ref_=kw_li_tt
796,/title/tt6126506/?ref_=kw_li_tt
797,/title/tt6139626/?ref_=kw_li_tt
798,/title/tt1384774/?ref_=kw_li_tt
799,/title/tt0980999/?ref_=kw_li_tt
800,/title/tt1717724/?ref_=kw_li_tt
801,/title/tt3282308/?ref_=kw_li_tt
802,/title/tt2473718/?ref_=kw_li_tt
803,/title/tt2160413/?ref_=kw_li_tt
804,/title/tt6186430/?ref_=kw_li_tt
805,/title/tt1212408/?ref_=kw_li_tt
806,/title/tt0446476/?ref_=kw_li_tt
807,/title/tt1826813/?ref_=kw_li_tt
808,/title/tt3813916/?ref_=kw_li_tt
809,/title/tt0910847/?ref_=kw_li_tt
810,/title/tt0912583/?ref_=kw_li_tt
811,/title/tt1386963/?ref_=kw_li_tt
812,/title/tt5492502/?ref_=kw_li_tt
813,/title/tt0379797/?ref_=kw_li_tt
814,/title/tt1533089/?ref_=kw_li_tt
815,/title/tt3110634/?ref_=kw_li_tt
816,/title/tt0826756/?ref_=kw_li_tt
817,/title/tt2407380/?ref_=kw_li_tt
818,/title/tt1834319/?ref_=kw_li_tt
819,/title/tt7644306/?ref_=kw_li_tt
820,/title/tt1082022/?ref_=kw_li_tt
821,/title/tt0309600/?ref_=kw_li_tt
822,/title/tt0306597/?ref_=kw_li_tt
823,/title/tt2072045/?ref_=kw_li_tt
824,/title/tt0822856/?ref_=kw_li_tt
825,/title/tt0997057/?ref_=kw_li_tt
826,/title/tt3016266/?ref_=kw_li_tt
827,/title/tt2822400/?ref_=kw_li_tt
828,/title/tt1934269/?ref_=kw_li_tt
829,/title/tt1479680/?ref_=kw_li_tt
830,/title/tt3564924/?ref_=kw_li_tt
831,/title/tt3624628/?ref_=kw_li_tt
832,/title/tt4077768/?ref_=kw_li_tt
833,/title/tt7392070/?ref_=kw_li_tt
834,/title/tt5249710/?ref_=kw_li_tt
835,/title/tt0332605/?ref_=kw_li_tt
836,/title/tt5489156/?ref_=kw_li_tt
837,/title/tt0928413/?ref_=kw_li_tt
838,/title/tt0452671/?ref_=kw_li_tt
839,/title/tt1621444/?ref_=kw_li_tt
840,/title/tt4490654/?ref_=kw_li_tt
841,/title/tt0855824/?ref_=kw_li_tt
842,/title/tt1137437/?ref_=kw_li_tt
843,/title/tt1332110/?ref_=kw_li_tt
844,/title/tt0220631/?ref_=kw_li_tt
845,/title/tt2363564/?ref_=kw_li_tt
846,/title/tt1720263/?ref_=kw_li_tt
847,/title/tt5436082/?ref_=kw_li_tt
848,/title/tt4480568/?ref_=kw_li_tt
849,/title/tt4936064/?ref_=kw_li_tt
850,/title/tt0375782/?ref_=kw_li_tt
851,/title/tt3919820/?ref_=kw_li_tt
852,/title/tt2400002/?ref_=kw_li_tt
853,/title/tt0137386/?ref_=kw_li_tt
854,/title/tt2590214/?ref_=kw_li_tt
855,/title/tt2011223/?ref_=kw_li_tt
856,/title/tt4921812/?ref_=kw_li_tt
857,/title/tt3859320/?ref_=kw_li_tt
858,/title/tt0230098/?ref_=kw_li_tt
859,/title/tt1456603/?ref_=kw_li_tt
860,/title/tt7815620/?ref_=kw_li_tt
861,/title/tt1784365/?ref_=kw_li_tt
862,/title/tt0228242/?ref_=kw_li_tt
863,/title/tt1151384/?ref_=kw_li_tt
864,/title/tt1058008/?ref_=kw_li_tt
865,/title/tt1123894/?ref_=kw_li_tt
866,/title/tt0382382/?ref_=kw_li_tt
867,/title/tt3509426/?ref_=kw_li_tt
868,/title/tt0977648/?ref_=kw_li_tt
869,/title/tt0477999/?ref_=kw_li_tt
870,/title/tt1699185/?ref_=kw_li_tt
871,/title/tt0308129/?ref_=kw_li_tt
872,/title/tt4450706/?ref_=kw_li_tt
873,/title/tt1332100/?ref_=kw_li_tt
874,/title/tt0415833/?ref_=kw_li_tt
875,/title/tt1525838/?ref_=kw_li_tt
876,/title/tt0473174/?ref_=kw_li_tt
877,/title/tt2190232/?ref_=kw_li_tt
878,/title/tt1407055/?ref_=kw_li_tt
879,/title/tt3097966/?ref_=kw_li_tt
880,/title/tt0261066/?ref_=kw_li_tt
881,/title/tt0281865/?ref_=kw_li_tt
882,/title/tt5954892/?ref_=kw_li_tt
883,/title/tt0330541/?ref_=kw_li_tt
884,/title/tt5432188/?ref_=kw_li_tt
885,/title/tt1252329/?ref_=kw_li_tt
886,/title/tt0217811/?ref_=kw_li_tt
887,/title/tt0487273/?ref_=kw_li_tt
888,/title/tt0344766/?ref_=kw_li_tt
889,/title/tt0480048/?ref_=kw_li_tt
890,/title/tt0470281/?ref_=kw_li_tt
891,/title/tt0384929/?ref_=kw_li_tt
892,/title/tt4902618/?ref_=kw_li_tt
893,/title/tt0439876/?ref_=kw_li_tt
894,/title/tt2769454/?ref_=kw_li_tt
895,/title/tt1830402/?ref_=kw_li_tt
896,/title/tt1017442/?ref_=kw_li_tt
897,/title/tt1715322/?ref_=kw_li_tt
898,/title/tt0772200/?ref_=kw_li_tt
899,/title/tt3922958/?ref_=kw_li_tt
900,/title/tt1520453/?ref_=kw_li_tt
901,/title/tt3322898/?ref_=kw_li_tt
902,/title/tt0390080/?ref_=kw_li_tt
903,/title/tt0239450/?ref_=kw_li_tt
904,/title/tt0870089/?ref_=kw_li_tt
905,/title/tt0320668/?ref_=kw_li_tt
906,/title/tt2428544/?ref_=kw_li_tt
907,/title/tt0452580/?ref_=kw_li_tt
908,/title/tt5932894/?ref_=kw_li_tt
909,/title/tt2332503/?ref_=kw_li_tt
910,/title/tt3083006/?ref_=kw_li_tt
911,/title/tt0379380/?ref_=kw_li_tt
912,/title/tt3403930/?ref_=kw_li_tt
913,/title/tt1188986/?ref_=kw_li_tt
914,/title/tt0837800/?ref_=kw_li_tt
915,/title/tt3868240/?ref_=kw_li_tt
916,/title/tt1794943/?ref_=kw_li_tt
917,/title/tt1073624/?ref_=kw_li_tt
918,/title/tt2167715/?ref_=kw_li_tt
919,/title/tt3094236/?ref_=kw_li_tt
920,/title/tt6998228/?ref_=kw_li_tt
921,/title/tt4176776/?ref_=kw_li_tt
922,/title/tt0461613/?ref_=kw_li_tt
923,/title/tt0354694/?ref_=kw_li_tt
924,/title/tt0398963/?ref_=kw_li_tt
925,/title/tt2049559/?ref_=kw_li_tt
926,/title/tt1130087/?ref_=kw_li_tt
927,/title/tt3452948/?ref_=kw_li_tt
928,/title/tt4074304/?ref_=kw_li_tt
929,/title/tt0182508/?ref_=kw_li_tt
930,/title/tt0232611/?ref_=kw_li_tt
931,/title/tt0378867/?ref_=kw_li_tt
932,/title/tt1234430/?ref_=kw_li_tt
933,/title/tt1149604/?ref_=kw_li_tt
934,/title/tt1648095/?ref_=kw_li_tt
935,/title/tt0123923/?ref_=kw_li_tt
936,/title/tt1035498/?ref_=kw_li_tt
937,/title/tt0271395/?ref_=kw_li_tt
938,/title/tt0450470/?ref_=kw_li_tt
939,/title/tt1606382/?ref_=kw_li_tt
940,/title/tt0269281/?ref_=kw_li_tt
941,/title/tt1351734/?ref_=kw_li_tt
942,/title/tt0402223/?ref_=kw_li_tt
943,/title/tt1295068/?ref_=kw_li_tt
944,/title/tt3268288/?ref_=kw_li_tt
945,/title/tt2597802/?ref_=kw_li_tt
946,/title/tt5227660/?ref_=kw_li_tt
947,/title/tt2386868/?ref_=kw_li_tt
948,/title/tt0960770/?ref_=kw_li_tt
949,/title/tt1295086/?ref_=kw_li_tt
950,/title/tt0238295/?ref_=kw_li_tt
951,/title/tt2343158/?ref_=kw_li_tt
952,/title/tt1006859/?ref_=kw_li_tt
953,/title/tt1635659/?ref_=kw_li_tt
954,/title/tt0955306/?ref_=kw_li_tt
955,/title/tt1092016/?ref_=kw_li_tt
956,/title/tt0144801/?ref_=kw_li_tt
957,/title/tt1160015/?ref_=kw_li_tt
958,/title/tt1490602/?ref_=kw_li_tt
959,/title/tt0355683/?ref_=kw_li_tt
960,/title/tt0434304/?ref_=kw_li_tt
961,/title/tt0368323/?ref_=kw_li_tt
962,/title/tt1353125/?ref_=kw_li_tt
963,/title/tt0269499/?ref_=kw_li_tt
964,/title/tt4041170/?ref_=kw_li_tt
965,/title/tt1065444/?ref_=kw_li_tt
966,/title/tt2215515/?ref_=kw_li_tt
967,/title/tt8826960/?ref_=kw_li_tt
968,/title/tt1608369/?ref_=kw_li_tt
969,/title/tt0353818/?ref_=kw_li_tt
970,/title/tt3581788/?ref_=kw_li_tt
971,/title/tt0339827/?ref_=kw_li_tt
972,/title/tt0393775/?ref_=kw_li_tt
973,/title/tt3163304/?ref_=kw_li_tt
974,/title/tt0375911/?ref_=kw_li_tt
975,/title/tt1695131/?ref_=kw_li_tt
976,/title/tt1555219/?ref_=kw_li_tt
977,/title/tt0189142/?ref_=kw_li_tt
978,/title/tt1289396/?ref_=kw_li_tt
979,/title/tt3989444/?ref_=kw_li_tt
980,/title/tt0292501/?ref_=kw_li_tt
981,/title/tt0287364/?ref_=kw_li_tt
982,/title/tt0494253/?ref_=kw_li_tt
983,/title/tt2139965/?ref_=kw_li_tt
984,/title/tt1742307/?ref_=kw_li_tt
985,/title/tt2935986/?ref_=kw_li_tt
986,/title/tt3790610/?ref_=kw_li_tt
987,/title/tt2047802/?ref_=kw_li_tt
988,/title/tt1598496/?ref_=kw_li_tt
989,/title/tt3122436/?ref_=kw_li_tt
990,/title/tt1284526/?ref_=kw_li_tt
991,/title/tt0305882/?ref_=kw_li_tt
992,/title/tt1956534/?ref_=kw_li_tt
993,/title/tt1562450/?ref_=kw_li_tt
994,/title/tt0920461/?ref_=kw_li_tt
995,/title/tt4666696/?ref_=kw_li_tt
996,/title/tt3091304/?ref_=kw_li_tt
997,/title/tt2158686/?ref_=kw_li_tt
998,/title/tt2936024/?ref_=kw_li_tt
999,/title/tt1135535/?ref_=kw_li_tt
1000,/title/tt0431721/?ref_=kw_li_tt
1001,/title/tt2047876/?ref_=kw_li_tt
1002,/title/tt0835034/?ref_=kw_li_tt
1003,/title/tt1487945/?ref_=kw_li_tt
1004,/title/tt1359423/?ref_=kw_li_tt
1005,/title/tt6640214/?ref_=kw_li_tt
1006,/title/tt0419722/?ref_=kw_li_tt
1007,/title/tt4536494/?ref_=kw_li_tt
1008,/title/tt1828954/?ref_=kw_li_tt
1009,/title/tt3509662/?ref_=kw_li_tt
1010,/title/tt0168496/?ref_=kw_li_tt
1011,/title/tt1233473/?ref_=kw_li_tt
1012,/title/tt3801878/?ref_=kw_li_tt
1013,/title/tt0218107/?ref_=kw_li_tt
1014,/title/tt2661578/?ref_=kw_li_tt
1015,/title/tt2219214/?ref_=kw_li_tt
1016,/title/tt1695761/?ref_=kw_li_tt
1017,/title/tt0250478/?ref_=kw_li_tt
1018,/title/tt2073059/?ref_=kw_li_tt
1019,/title/tt0492506/?ref_=kw_li_tt
1020,/title/tt1095496/?ref_=kw_li_tt
1021,/title/tt1234240/?ref_=kw_li_tt
1022,/title/tt2051831/?ref_=kw_li_tt
1023,/title/tt3997238/?ref_=kw_li_tt
1024,/title/tt1412509/?ref_=kw_li_tt
1025,/title/tt0120697/?ref_=kw_li_tt
1026,/title/tt0419766/?ref_=kw_li_tt
1027,/title/tt1577064/?ref_=kw_li_tt
1028,/title/tt6427368/?ref_=kw_li_tt
1029,/title/tt0816616/?ref_=kw_li_tt
1030,/title/tt0984130/?ref_=kw_li_tt
1031,/title/tt0137079/?ref_=kw_li_tt
1032,/title/tt6450136/?ref_=kw_li_tt
1033,/title/tt0217019/?ref_=kw_li_tt
1034,/title/tt0379461/?ref_=kw_li_tt
1035,/title/tt7460870/?ref_=kw_li_tt
1036,/title/tt1093352/?ref_=kw_li_tt
1037,/title/tt1414813/?ref_=kw_li_tt
1038,/title/tt0276276/?ref_=kw_li_tt
1039,/title/tt0466943/?ref_=kw_li_tt
1040,/title/tt0438365/?ref_=kw_li_tt
1041,/title/tt0176422/?ref_=kw_li_tt
1042,/title/tt0207198/?ref_=kw_li_tt
1043,/title/tt0383717/?ref_=kw_li_tt
1044,/title/tt0282891/?ref_=kw_li_tt
1045,/title/tt4096762/?ref_=kw_li_tt
1046,/title/tt0492487/?ref_=kw_li_tt
1047,/title/tt2789926/?ref_=kw_li_tt
1048,/title/tt0422029/?ref_=kw_li_tt
1049,/title/tt2970646/?ref_=kw_li_tt
1050,/title/tt1819769/?ref_=kw_li_tt
1051,/title/tt0418831/?ref_=kw_li_tt
1052,/title/tt1172066/?ref_=kw_li_tt
1053,/title/tt5816076/?ref_=kw_li_tt
1054,/title/tt0427906/?ref_=kw_li_tt
1055,/title/tt0265101/?ref_=kw_li_tt
1056,/title/tt1527818/?ref_=kw_li_tt
1057,/title/tt0838192/?ref_=kw_li_tt
1058,/title/tt3465304/?ref_=kw_li_tt
1059,/title/tt0411883/?ref_=kw_li_tt
1060,/title/tt1222330/?ref_=kw_li_tt
1061,/title/tt2196059/?ref_=kw_li_tt
1062,/title/tt2139725/?ref_=kw_li_tt
1063,/title/tt1821362/?ref_=kw_li_tt
1064,/title/tt0981286/?ref_=kw_li_tt
1065,/title/tt0815447/?ref_=kw_li_tt
1066,/title/tt4544008/?ref_=kw_li_tt
1067,/title/tt2250564/?ref_=kw_li_tt
1068,/title/tt1607583/?ref_=kw_li_tt
1069,/title/tt1213638/?ref_=kw_li_tt
1070,/title/tt1090646/?ref_=kw_li_tt
1071,/title/tt1422119/?ref_=kw_li_tt
1072,/title/tt0371939/?ref_=kw_li_tt
1073,/title/tt0160710/?ref_=kw_li_tt
1074,/title/tt1529239/?ref_=kw_li_tt
1075,/title/tt8299896/?ref_=kw_li_tt
1076,/title/tt2753288/?ref_=kw_li_tt
1077,/title/tt0309992/?ref_=kw_li_tt
1078,/title/tt1281383/?ref_=kw_li_tt
1079,/title/tt0375553/?ref_=kw_li_tt
1080,/title/tt1508955/?ref_=kw_li_tt
1081,/title/tt0437171/?ref_=kw_li_tt
1082,/title/tt0352332/?ref_=kw_li_tt
1083,/title/tt0206762/?ref_=kw_li_tt
1084,/title/tt5091100/?ref_=kw_li_tt
1085,/title/tt1433524/?ref_=kw_li_tt
1086,/title/tt1769294/?ref_=kw_li_tt
1087,/title/tt1132161/?ref_=kw_li_tt
1088,/title/tt2262078/?ref_=kw_li_tt
1089,/title/tt0251777/?ref_=kw_li_tt
1090,/title/tt2023454/?ref_=kw_li_tt
1091,/title/tt5066598/?ref_=kw_li_tt
1092,/title/tt0480257/?ref_=kw_li_tt
1093,/title/tt5222646/?ref_=kw_li_tt
1094,/title/tt6029678/?ref_=kw_li_tt
1095,/title/tt0304356/?ref_=kw_li_tt
1096,/title/tt2053352/?ref_=kw_li_tt
1097,/title/tt5779960/?ref_=kw_li_tt
1098,/title/tt1351770/?ref_=kw_li_tt
1099,/title/tt2320274/?ref_=kw_li_tt
1100,/title/tt0210149/?ref_=kw_li_tt
1101,/title/tt1152834/?ref_=kw_li_tt
1102,/title/tt0783695/?ref_=kw_li_tt
1103,/title/tt1311063/?ref_=kw_li_tt
1104,/title/tt2557948/?ref_=kw_li_tt
1105,/title/tt0269058/?ref_=kw_li_tt
1106,/title/tt1334617/?ref_=kw_li_tt
1107,/title/tt0336264/?ref_=kw_li_tt
1108,/title/tt0371008/?ref_=kw_li_tt
1109,/title/tt1706327/?ref_=kw_li_tt
1110,/title/tt0358590/?ref_=kw_li_tt
1111,/title/tt2199587/?ref_=kw_li_tt
1112,/title/tt1810861/?ref_=kw_li_tt
1113,/title/tt0765460/?ref_=kw_li_tt
1114,/title/tt5643804/?ref_=kw_li_tt
1115,/title/tt0245341/?ref_=kw_li_tt
1116,/title/tt2331107/?ref_=kw_li_tt
1117,/title/tt1093355/?ref_=kw_li_tt
1118,/title/tt1841713/?ref_=kw_li_tt
1119,/title/tt2553928/?ref_=kw_li_tt
1120,/title/tt0161542/?ref_=kw_li_tt
1121,/title/tt1754104/?ref_=kw_li_tt
1122,/title/tt0263957/?ref_=kw_li_tt
1123,/title/tt0379593/?ref_=kw_li_tt
1124,/title/tt2918984/?ref_=kw_li_tt
1125,/title/tt4076164/?ref_=kw_li_tt
1126,/title/tt4769476/?ref_=kw_li_tt
1127,/title/tt1587427/?ref_=kw_li_tt
1128,/title/tt0359281/?ref_=kw_li_tt
1129,/title/tt4087996/?ref_=kw_li_tt
1130,/title/tt0214557/?ref_=kw_li_tt
1131,/title/tt2650718/?ref_=kw_li_tt
1132,/title/tt0454941/?ref_=kw_li_tt
1133,/title/tt1308171/?ref_=kw_li_tt
1134,/title/tt0466456/?ref_=kw_li_tt
1135,/title/tt0366527/?ref_=kw_li_tt
1136,/title/tt0469966/?ref_=kw_li_tt
1137,/title/tt1670686/?ref_=kw_li_tt
1138,/title/tt0364435/?ref_=kw_li_tt
1139,/title/tt0815165/?ref_=kw_li_tt
1140,/title/tt1500701/?ref_=kw_li_tt
1141,/title/tt1559027/?ref_=kw_li_tt
1142,/title/tt4125220/?ref_=kw_li_tt
1143,/title/tt2262073/?ref_=kw_li_tt
1144,/title/tt0441641/?ref_=kw_li_tt
1145,/title/tt1743708/?ref_=kw_li_tt
1146,/title/tt0780002/?ref_=kw_li_tt
1147,/title/tt0391397/?ref_=kw_li_tt
1148,/title/tt0467789/?ref_=kw_li_tt
1149,/title/tt1519618/?ref_=kw_li_tt
1150,/title/tt0236576/?ref_=kw_li_tt
1151,/title/tt1677707/?ref_=kw_li_tt
1152,/title/tt0451180/?ref_=kw_li_tt
1153,/title/tt1645187/?ref_=kw_li_tt
1154,/title/tt1405358/?ref_=kw_li_tt
1155,/title/tt3867606/?ref_=kw_li_tt
1156,/title/tt0379265/?ref_=kw_li_tt
1157,/title/tt3837196/?ref_=kw_li_tt
1158,/title/tt0306761/?ref_=kw_li_tt
1159,/title/tt1605721/?ref_=kw_li_tt
1160,/title/tt0327153/?ref_=kw_li_tt
1161,/title/tt0877700/?ref_=kw_li_tt
1162,/title/tt0206184/?ref_=kw_li_tt
1163,/title/tt4883758/?ref_=kw_li_tt
1164,/title/tt3552130/?ref_=kw_li_tt
1165,/title/tt1512779/?ref_=kw_li_tt
1166,/title/tt1811293/?ref_=kw_li_tt
1167,/title/tt2049480/?ref_=kw_li_tt
1168,/title/tt5099660/?ref_=kw_li_tt
1169,/title/tt1196140/?ref_=kw_li_tt
1170,/title/tt0221023/?ref_=kw_li_tt
1171,/title/tt0466669/?ref_=kw_li_tt
1172,/title/tt1133584/?ref_=kw_li_tt
1173,/title/tt0317887/?ref_=kw_li_tt
1174,/title/tt0314170/?ref_=kw_li_tt
1175,/title/tt2328737/?ref_=kw_li_tt
1176,/title/tt0193997/?ref_=kw_li_tt
1177,/title/tt4982250/?ref_=kw_li_tt
1178,/title/tt0846668/?ref_=kw_li_tt
1179,/title/tt6423998/?ref_=kw_li_tt
1180,/title/tt0949875/?ref_=kw_li_tt
1181,/title/tt4741376/?ref_=kw_li_tt
1182,/title/tt0439179/?ref_=kw_li_tt
1183,/title/tt0428620/?ref_=kw_li_tt
1184,/title/tt0181547/?ref_=kw_li_tt
1185,/title/tt3625136/?ref_=kw_li_tt
1186,/title/tt4666748/?ref_=kw_li_tt
1187,/title/tt0461760/?ref_=kw_li_tt
1188,/title/tt2208020/?ref_=kw_li_tt
1189,/title/tt1332002/?ref_=kw_li_tt
1190,/title/tt1239435/?ref_=kw_li_tt
1191,/title/tt1615885/?ref_=kw_li_tt
1192,/title/tt1363091/?ref_=kw_li_tt
1193,/title/tt1161444/?ref_=kw_li_tt
1194,/title/tt1490675/?ref_=kw_li_tt
1195,/title/tt4471428/?ref_=kw_li_tt
1196,/title/tt0283960/?ref_=kw_li_tt
1197,/title/tt0298293/?ref_=kw_li_tt
1198,/title/tt2328521/?ref_=kw_li_tt
1199,/title/tt4313614/?ref_=kw_li_tt
1200,/title/tt1247397/?ref_=kw_li_tt
1201,/title/tt1444284/?ref_=kw_li_tt
1202,/title/tt7038510/?ref_=kw_li_tt
1203,/title/tt3773210/?ref_=kw_li_tt
1204,/title/tt1436336/?ref_=kw_li_tt
1205,/title/tt0270487/?ref_=kw_li_tt
1206,/title/tt0422528/?ref_=kw_li_tt
1207,/title/tt1935742/?ref_=kw_li_tt
1208,/title/tt0445949/?ref_=kw_li_tt
1209,/title/tt2077819/?ref_=kw_li_tt
1210,/title/tt4486122/?ref_=kw_li_tt
1211,/title/tt1360832/?ref_=kw_li_tt
1212,/title/tt7323598/?ref_=kw_li_tt
1213,/title/tt3163352/?ref_=kw_li_tt
1214,/title/tt0301050/?ref_=kw_li_tt
1215,/title/tt0830896/?ref_=kw_li_tt
1216,/title/tt1020955/?ref_=kw_li_tt
1217,/title/tt1766085/?ref_=kw_li_tt
1218,/title/tt4042326/?ref_=kw_li_tt
1219,/title/tt1130987/?ref_=kw_li_tt
1220,/title/tt0780046/?ref_=kw_li_tt
1221,/title/tt4556352/?ref_=kw_li_tt
1222,/title/tt0986323/?ref_=kw_li_tt
1223,/title/tt0218298/?ref_=kw_li_tt
1224,/title/tt1467061/?ref_=kw_li_tt
1225,/title/tt0334753/?ref_=kw_li_tt
1226,/title/tt0220034/?ref_=kw_li_tt
1227,/title/tt1990422/?ref_=kw_li_tt
1228,/title/tt1315214/?ref_=kw_li_tt
1229,/title/tt5974422/?ref_=kw_li_tt
1230,/title/tt8050582/?ref_=kw_li_tt
1231,/title/tt1626922/?ref_=kw_li_tt
1232,/title/tt0124555/?ref_=kw_li_tt
1233,/title/tt0418484/?ref_=kw_li_tt
1234,/title/tt0300016/?ref_=kw_li_tt
1235,/title/tt2554648/?ref_=kw_li_tt
1236,/title/tt6268152/?ref_=kw_li_tt
1237,/title/tt0402595/?ref_=kw_li_tt
1238,/title/tt0119307/?ref_=kw_li_tt
1239,/title/tt1080707/?ref_=kw_li_tt
1240,/title/tt2718538/?ref_=kw_li_tt
1241,/title/tt3471554/?ref_=kw_li_tt
1242,/title/tt0446312/?ref_=kw_li_tt
1243,/title/tt2387006/?ref_=kw_li_tt
1244,/title/tt0281726/?ref_=kw_li_tt
1245,/title/tt1776252/?ref_=kw_li_tt
1246,/title/tt1806971/?ref_=kw_li_tt
1247,/title/tt6636658/?ref_=kw_li_tt
1248,/title/tt0449000/?ref_=kw_li_tt
1249,/title/tt0780606/?ref_=kw_li_tt
1250,/title/tt1731758/?ref_=kw_li_tt
1251,/title/tt0907852/?ref_=kw_li_tt
1252,/title/tt1303689/?ref_=kw_li_tt
1253,/title/tt0140879/?ref_=kw_li_tt
1254,/title/tt0406038/?ref_=kw_li_tt
1255,/title/tt1619281/?ref_=kw_li_tt
1256,/title/tt0303313/?ref_=kw_li_tt
1257,/title/tt2738050/?ref_=kw_li_tt
1258,/title/tt1489231/?ref_=kw_li_tt
1259,/title/tt1225296/?ref_=kw_li_tt
1260,/title/tt1344670/?ref_=kw_li_tt
1261,/title/tt1895545/?ref_=kw_li_tt
1262,/title/tt1583737/?ref_=kw_li_tt
1263,/title/tt4235516/?ref_=kw_li_tt
1264,/title/tt0303321/?ref_=kw_li_tt
1265,/title/tt2570292/?ref_=kw_li_tt
1266,/title/tt5863402/?ref_=kw_li_tt
1267,/title/tt2401719/?ref_=kw_li_tt
1268,/title/tt2399533/?ref_=kw_li_tt
1269,/title/tt0335261/?ref_=kw_li_tt
1270,/title/tt0387805/?ref_=kw_li_tt
1271,/title/tt1571739/?ref_=kw_li_tt
1272,/title/tt1705113/?ref_=kw_li_tt
1273,/title/tt0462726/?ref_=kw_li_tt
1274,/title/tt1513067/?ref_=kw_li_tt
1275,/title/tt2043880/?ref_=kw_li_tt
1276,/title/tt0358539/?ref_=kw_li_tt
1277,/title/tt0297234/?ref_=kw_li_tt
1278,/title/tt3705618/?ref_=kw_li_tt
1279,/title/tt2591860/?ref_=kw_li_tt
1280,/title/tt0429231/?ref_=kw_li_tt
1281,/title/tt0367097/?ref_=kw_li_tt
1282,/title/tt4289100/?ref_=kw_li_tt
1283,/title/tt0292502/?ref_=kw_li_tt
1284,/title/tt0177394/?ref_=kw_li_tt
1285,/title/tt3506268/?ref_=kw_li_tt
1286,/title/tt0157913/?ref_=kw_li_tt
1287,/title/tt8315704/?ref_=kw_li_tt
1288,/title/tt0996962/?ref_=kw_li_tt
1289,/title/tt1663674/?ref_=kw_li_tt
1290,/title/tt0317079/?ref_=kw_li_tt
1291,/title/tt0355482/?ref_=kw_li_tt
1292,/title/tt7201192/?ref_=kw_li_tt
1293,/title/tt4810828/?ref_=kw_li_tt
1294,/title/tt0398031/?ref_=kw_li_tt
1295,/title/tt2282058/?ref_=kw_li_tt
1296,/title/tt0853155/?ref_=kw_li_tt
1297,/title/tt0882789/?ref_=kw_li_tt
1298,/title/tt0826600/?ref_=kw_li_tt
1299,/title/tt1737798/?ref_=kw_li_tt
1300,/title/tt0450334/?ref_=kw_li_tt
1301,/title/tt1625328/?ref_=kw_li_tt
1302,/title/tt0206187/?ref_=kw_li_tt
1303,/title/tt5857818/?ref_=kw_li_tt
1304,/title/tt3570168/?ref_=kw_li_tt
1305,/title/tt1779814/?ref_=kw_li_tt
1306,/title/tt0160749/?ref_=kw_li_tt
1307,/title/tt0199975/?ref_=kw_li_tt
1308,/title/tt0912586/?ref_=kw_li_tt
1309,/title/tt0380323/?ref_=kw_li_tt
1310,/title/tt1695136/?ref_=kw_li_tt
1311,/title/tt3828104/?ref_=kw_li_tt
1312,/title/tt0336675/?ref_=kw_li_tt
1313,/title/tt1323031/?ref_=kw_li_tt
1314,/title/tt0381487/?ref_=kw_li_tt
1315,/title/tt1821566/?ref_=kw_li_tt
1316,/title/tt0152548/?ref_=kw_li_tt
1317,/title/tt0989710/?ref_=kw_li_tt
1318,/title/tt0976216/?ref_=kw_li_tt
1319,/title/tt1176933/?ref_=kw_li_tt
1320,/title/tt3772512/?ref_=kw_li_tt
1321,/title/tt0346647/?ref_=kw_li_tt
1322,/title/tt0160498/?ref_=kw_li_tt
1323,/title/tt2321342/?ref_=kw_li_tt
1324,/title/tt2107850/?ref_=kw_li_tt
1325,/title/tt4483192/?ref_=kw_li_tt
1326,/title/tt0444627/?ref_=kw_li_tt
1327,/title/tt1538927/?ref_=kw_li_tt
1328,/title/tt1906347/?ref_=kw_li_tt
1329,/title/tt0462683/?ref_=kw_li_tt
1330,/title/tt1758770/?ref_=kw_li_tt
1331,/title/tt1754946/?ref_=kw_li_tt
1332,/title/tt2262385/?ref_=kw_li_tt
1333,/title/tt1522415/?ref_=kw_li_tt
1334,/title/tt0296144/?ref_=kw_li_tt
1335,/title/tt0374506/?ref_=kw_li_tt
1336,/title/tt1049400/?ref_=kw_li_tt
1337,/title/tt1545021/?ref_=kw_li_tt
1338,/title/tt2251648/?ref_=kw_li_tt
1339,/title/tt3037846/?ref_=kw_li_tt
1340,/title/tt0295526/?ref_=kw_li_tt
1341,/title/tt5036130/?ref_=kw_li_tt
1342,/title/tt1714823/?ref_=kw_li_tt
1343,/title/tt3385334/?ref_=kw_li_tt
1344,/title/tt1754277/?ref_=kw_li_tt
1345,/title/tt0807767/?ref_=kw_li_tt
1346,/title/tt3212916/?ref_=kw_li_tt
1347,/title/tt1318995/?ref_=kw_li_tt
1348,/title/tt0278102/?ref_=kw_li_tt
1349,/title/tt1135961/?ref_=kw_li_tt
1350,/title/tt2378000/?ref_=kw_li_tt
1351,/title/tt0452663/?ref_=kw_li_tt
1352,/title/tt1056441/?ref_=kw_li_tt
1353,/title/tt0847216/?ref_=kw_li_tt
1354,/title/tt0814198/?ref_=kw_li_tt
1355,/title/tt1087905/?ref_=kw_li_tt
1356,/title/tt0144546/?ref_=kw_li_tt
1357,/title/tt3687898/?ref_=kw_li_tt
1358,/title/tt5465334/?ref_=kw_li_tt
1359,/title/tt1331297/?ref_=kw_li_tt
1360,/title/tt0161219/?ref_=kw_li_tt
1361,/title/tt5299014/?ref_=kw_li_tt
1362,/title/tt2732210/?ref_=kw_li_tt
1363,/title/tt2215537/?ref_=kw_li_tt
1364,/title/tt0245157/?ref_=kw_li_tt
1365,/title/tt0334245/?ref_=kw_li_tt
1366,/title/tt3429540/?ref_=kw_li_tt
1367,/title/tt4624258/?ref_=kw_li_tt
1368,/title/tt1863321/?ref_=kw_li_tt
1369,/title/tt0188583/?ref_=kw_li_tt
1370,/title/tt4353990/?ref_=kw_li_tt
1371,/title/tt0280791/?ref_=kw_li_tt
1372,/title/tt1210107/?ref_=kw_li_tt
1373,/title/tt1915533/?ref_=kw_li_tt
1374,/title/tt0870176/?ref_=kw_li_tt
1375,/title/tt0244684/?ref_=kw_li_tt
1376,/title/tt0443678/?ref_=kw_li_tt
1377,/title/tt1937419/?ref_=kw_li_tt
1378,/title/tt2624316/?ref_=kw_li_tt
1379,/title/tt1484522/?ref_=kw_li_tt
1380,/title/tt0393049/?ref_=kw_li_tt
1381,/title/tt0348354/?ref_=kw_li_tt
1382,/title/tt5679570/?ref_=kw_li_tt
1383,/title/tt4676044/?ref_=kw_li_tt
1384,/title/tt0473028/?ref_=kw_li_tt
1385,/title/tt1117668/?ref_=kw_li_tt
1386,/title/tt3905060/?ref_=kw_li_tt
1387,/title/tt0777896/?ref_=kw_li_tt
1388,/title/tt1059817/?ref_=kw_li_tt
1389,/title/tt0201737/?ref_=kw_li_tt
1390,/title/tt0455953/?ref_=kw_li_tt
1391,/title/tt1925539/?ref_=kw_li_tt
1392,/title/tt0409408/?ref_=kw_li_tt
1393,/title/tt1168662/?ref_=kw_li_tt
1394,/title/tt0844761/?ref_=kw_li_tt
1395,/title/tt0371710/?ref_=kw_li_tt
1396,/title/tt1571416/?ref_=kw_li_tt
1397,/title/tt7943248/?ref_=kw_li_tt
1398,/title/tt1422177/?ref_=kw_li_tt
1399,/title/tt2763308/?ref_=kw_li_tt
1400,/title/tt1365613/?ref_=kw_li_tt
1401,/title/tt0339209/?ref_=kw_li_tt
1402,/title/tt0430063/?ref_=kw_li_tt
1403,/title/tt0455299/?ref_=kw_li_tt
1404,/title/tt0245877/?ref_=kw_li_tt
1405,/title/tt4700538/?ref_=kw_li_tt
1406,/title/tt0387823/?ref_=kw_li_tt
1407,/title/tt1283540/?ref_=kw_li_tt
1408,/title/tt0357031/?ref_=kw_li_tt
1409,/title/tt3072778/?ref_=kw_li_tt
1410,/title/tt0256666/?ref_=kw_li_tt
1411,/title/tt0253063/?ref_=kw_li_tt
1412,/title/tt1160023/?ref_=kw_li_tt
1413,/title/tt0332536/?ref_=kw_li_tt
1414,/title/tt1301308/?ref_=kw_li_tt
1415,/title/tt2322355/?ref_=kw_li_tt
1416,/title/tt1924354/?ref_=kw_li_tt
1417,/title/tt0760167/?ref_=kw_li_tt
1418,/title/tt1874513/?ref_=kw_li_tt
1419,/title/tt1260573/?ref_=kw_li_tt
1420,/title/tt0818705/?ref_=kw_li_tt
1421,/title/tt0351885/?ref_=kw_li_tt
1422,/title/tt0892033/?ref_=kw_li_tt
1423,/title/tt6544498/?ref_=kw_li_tt
1424,/title/tt3102356/?ref_=kw_li_tt
1425,/title/tt0420627/?ref_=kw_li_tt
1426,/title/tt1847669/?ref_=kw_li_tt
1427,/title/tt0326148/?ref_=kw_li_tt
1428,/title/tt0816160/?ref_=kw_li_tt
1429,/title/tt1564058/?ref_=kw_li_tt
1430,/title/tt0468463/?ref_=kw_li_tt
1431,/title/tt1279966/?ref_=kw_li_tt
1432,/title/tt0124119/?ref_=kw_li_tt
1433,/title/tt4085044/?ref_=kw_li_tt
1434,/title/tt0422981/?ref_=kw_li_tt
1435,/title/tt0275915/?ref_=kw_li_tt
1436,/title/tt5144374/?ref_=kw_li_tt
1437,/title/tt1587839/?ref_=kw_li_tt
1438,/title/tt1003113/?ref_=kw_li_tt
1439,/title/tt3309844/?ref_=kw_li_tt
1440,/title/tt0399497/?ref_=kw_li_tt
1441,/title/tt0363048/?ref_=kw_li_tt
1442,/title/tt1781768/?ref_=kw_li_tt
1443,/title/tt9168706/?ref_=kw_li_tt
1444,/title/tt0217681/?ref_=kw_li_tt
1445,/title/tt0408847/?ref_=kw_li_tt
1446,/title/tt0172995/?ref_=kw_li_tt
1447,/title/tt5063368/?ref_=kw_li_tt
1448,/title/tt1138002/?ref_=kw_li_tt
1449,/title/tt0150338/?ref_=kw_li_tt
1450,/title/tt1781767/?ref_=kw_li_tt
1451,/title/tt1418888/?ref_=kw_li_tt
1452,/title/tt2091317/?ref_=kw_li_tt
1453,/title/tt5158800/?ref_=kw_li_tt
1454,/title/tt3762020/?ref_=kw_li_tt
1455,/title/tt4386918/?ref_=kw_li_tt
1456,/title/tt5212256/?ref_=kw_li_tt
1457,/title/tt2404192/?ref_=kw_li_tt
1458,/title/tt1333635/?ref_=kw_li_tt
1459,/title/tt1528801/?ref_=kw_li_tt
1460,/title/tt0817911/?ref_=kw_li_tt
1461,/title/tt1413493/?ref_=kw_li_tt
1462,/title/tt1010052/?ref_=kw_li_tt
1463,/title/tt7795132/?ref_=kw_li_tt
1464,/title/tt2781414/?ref_=kw_li_tt
1465,/title/tt0303780/?ref_=kw_li_tt
1466,/title/tt0120113/?ref_=kw_li_tt
1467,/title/tt1656194/?ref_=kw_li_tt
1468,/title/tt2154739/?ref_=kw_li_tt
1469,/title/tt0185184/?ref_=kw_li_tt
1470,/title/tt2457080/?ref_=kw_li_tt
1471,/title/tt4218240/?ref_=kw_li_tt
1472,/title/tt1508291/?ref_=kw_li_tt
1473,/title/tt0898323/?ref_=kw_li_tt
1474,/title/tt1454705/?ref_=kw_li_tt
1475,/title/tt1074208/?ref_=kw_li_tt
1476,/title/tt1563771/?ref_=kw_li_tt
1477,/title/tt2088714/?ref_=kw_li_tt
1478,/title/tt4866320/?ref_=kw_li_tt
1479,/title/tt1485151/?ref_=kw_li_tt
1480,/title/tt1569359/?ref_=kw_li_tt
1481,/title/tt2501884/?ref_=kw_li_tt
1482,/title/tt2302583/?ref_=kw_li_tt
1483,/title/tt0904068/?ref_=kw_li_tt
1484,/title/tt8410932/?ref_=kw_li_tt
1485,/title/tt0138834/?ref_=kw_li_tt
1486,/title/tt1632561/?ref_=kw_li_tt
1487,/title/tt1053951/?ref_=kw_li_tt
1488,/title/tt0164024/?ref_=kw_li_tt
1489,/title/tt0316494/?ref_=kw_li_tt
1490,/title/tt0204315/?ref_=kw_li_tt
1491,/title/tt1604556/?ref_=kw_li_tt
1492,/title/tt1465481/?ref_=kw_li_tt
1493,/title/tt2555166/?ref_=kw_li_tt
1494,/title/tt6002058/?ref_=kw_li_tt
1495,/title/tt9156204/?ref_=kw_li_tt
1496,/title/tt0246904/?ref_=kw_li_tt
1497,/title/tt0368268/?ref_=kw_li_tt
1498,/title/tt1253851/?ref_=kw_li_tt
1499,/title/tt1913042/?ref_=kw_li_tt
1500,/title/tt0871893/?ref_=kw_li_tt
1501,/title/tt3773208/?ref_=kw_li_tt
1502,/title/tt1802467/?ref_=kw_li_tt
1503,/title/tt3122422/?ref_=kw_li_tt
1504,/title/tt1355217/?ref_=kw_li_tt
1505,/title/tt0387691/?ref_=kw_li_tt
1506,/title/tt1244571/?ref_=kw_li_tt
1507,/title/tt1679657/?ref_=kw_li_tt
1508,/title/tt0244955/?ref_=kw_li_tt
1509,/title/tt0816145/?ref_=kw_li_tt
1510,/title/tt0420136/?ref_=kw_li_tt
1511,/title/tt4306742/?ref_=kw_li_tt
1512,/title/tt0307431/?ref_=kw_li_tt
1513,/title/tt0240880/?ref_=kw_li_tt
1514,/title/tt0910904/?ref_=kw_li_tt
1515,/title/tt1590316/?ref_=kw_li_tt
1516,/title/tt4231508/?ref_=kw_li_tt
1517,/title/tt0311972/?ref_=kw_li_tt
1518,/title/tt1987583/?ref_=kw_li_tt
1519,/title/tt0354490/?ref_=kw_li_tt
1520,/title/tt0971170/?ref_=kw_li_tt
1521,/title/tt2072145/?ref_=kw_li_tt
1522,/title/tt1833674/?ref_=kw_li_tt
1523,/title/tt2104022/?ref_=kw_li_tt
1524,/title/tt0138493/?ref_=kw_li_tt
1525,/title/tt1865551/?ref_=kw_li_tt
1526,/title/tt0425483/?ref_=kw_li_tt
1527,/title/tt0312297/?ref_=kw_li_tt
1528,/title/tt3914834/?ref_=kw_li_tt
1529,/title/tt3128706/?ref_=kw_li_tt
1530,/title/tt0210952/?ref_=kw_li_tt
1531,/title/tt5878952/?ref_=kw_li_tt
1532,/title/tt2954776/?ref_=kw_li_tt
1533,/title/tt0119740/?ref_=kw_li_tt
1534,/title/tt3508984/?ref_=kw_li_tt
1535,/title/tt1820531/?ref_=kw_li_tt
1536,/title/tt1736010/?ref_=kw_li_tt
1537,/title/tt0337738/?ref_=kw_li_tt
1538,/title/tt1563778/?ref_=kw_li_tt
1539,/title/tt1478354/?ref_=kw_li_tt
1540,/title/tt1413067/?ref_=kw_li_tt
1541,/title/tt1090327/?ref_=kw_li_tt
1542,/title/tt1089016/?ref_=kw_li_tt
1543,/title/tt0499311/?ref_=kw_li_tt
1544,/title/tt1668189/?ref_=kw_li_tt
1545,/title/tt0367995/?ref_=kw_li_tt
1546,/title/tt4370236/?ref_=kw_li_tt
1547,/title/tt0389474/?ref_=kw_li_tt
1548,/title/tt0355740/?ref_=kw_li_tt
1549,/title/tt0304363/?ref_=kw_li_tt
1550,/title/tt1404412/?ref_=kw_li_tt
1551,/title/tt1247693/?ref_=kw_li_tt
1552,/title/tt1786654/?ref_=kw_li_tt
1553,/title/tt4951858/?ref_=kw_li_tt
1554,/title/tt4075488/?ref_=kw_li_tt
1555,/title/tt3420848/?ref_=kw_li_tt
1556,/title/tt0453391/?ref_=kw_li_tt
1557,/title/tt0339553/?ref_=kw_li_tt
1558,/title/tt0923870/?ref_=kw_li_tt
1559,/title/tt2313311/?ref_=kw_li_tt
1560,/title/tt1965260/?ref_=kw_li_tt
1561,/title/tt1067084/?ref_=kw_li_tt
1562,/title/tt3412662/?ref_=kw_li_tt
1563,/title/tt5467376/?ref_=kw_li_tt
1564,/title/tt3959526/?ref_=kw_li_tt
1565,/title/tt0243222/?ref_=kw_li_tt
1566,/title/tt2130161/?ref_=kw_li_tt
1567,/title/tt0261310/?ref_=kw_li_tt
1568,/title/tt3003280/?ref_=kw_li_tt
1569,/title/tt0120374/?ref_=kw_li_tt
1570,/title/tt2465536/?ref_=kw_li_tt
1571,/title/tt1489877/?ref_=kw_li_tt
1572,/title/tt0427206/?ref_=kw_li_tt
1573,/title/tt0907843/?ref_=kw_li_tt
1574,/title/tt0412044/?ref_=kw_li_tt
1575,/title/tt0422952/?ref_=kw_li_tt
1576,/title/tt0421572/?ref_=kw_li_tt
1577,/title/tt0162556/?ref_=kw_li_tt
1578,/title/tt0449393/?ref_=kw_li_tt
1579,/title/tt0203912/?ref_=kw_li_tt
1580,/title/tt0402406/?ref_=kw_li_tt
1581,/title/tt0365719/?ref_=kw_li_tt
1582,/title/tt2708382/?ref_=kw_li_tt
1583,/title/tt0959336/?ref_=kw_li_tt
1584,/title/tt0141699/?ref_=kw_li_tt
1585,/title/tt2364616/?ref_=kw_li_tt
1586,/title/tt1942937/?ref_=kw_li_tt
1587,/title/tt0221635/?ref_=kw_li_tt
1588,/title/tt4161632/?ref_=kw_li_tt
1589,/title/tt0212897/?ref_=kw_li_tt
1590,/title/tt1042565/?ref_=kw_li_tt
1591,/title/tt0965400/?ref_=kw_li_tt
1592,/title/tt0877732/?ref_=kw_li_tt
1593,/title/tt3081696/?ref_=kw_li_tt
1594,/title/tt0407031/?ref_=kw_li_tt
1595,/title/tt1286154/?ref_=kw_li_tt
1596,/title/tt1924244/?ref_=kw_li_tt
1597,/title/tt3835730/?ref_=kw_li_tt
1598,/title/tt0396587/?ref_=kw_li_tt
1599,/title/tt3194678/?ref_=kw_li_tt
1600,/title/tt4396074/?ref_=kw_li_tt
1601,/title/tt4563702/?ref_=kw_li_tt
1602,/title/tt1225738/?ref_=kw_li_tt
1603,/title/tt3232158/?ref_=kw_li_tt
1604,/title/tt7000030/?ref_=kw_li_tt
1605,/title/tt1833735/?ref_=kw_li_tt
1606,/title/tt0175550/?ref_=kw_li_tt
1607,/title/tt2040541/?ref_=kw_li_tt
1608,/title/tt1507917/?ref_=kw_li_tt
1609,/title/tt1411853/?ref_=kw_li_tt
1610,/title/tt1278336/?ref_=kw_li_tt
1611,/title/tt1252516/?ref_=kw_li_tt
1612,/title/tt8782856/?ref_=kw_li_tt
1613,/title/tt0995751/?ref_=kw_li_tt
1614,/title/tt1560953/?ref_=kw_li_tt
1615,/title/tt1494815/?ref_=kw_li_tt
1616,/title/tt0369295/?ref_=kw_li_tt
1617,/title/tt0843383/?ref_=kw_li_tt
1618,/title/tt2172015/?ref_=kw_li_tt
1619,/title/tt1743233/?ref_=kw_li_tt
1620,/title/tt1415287/?ref_=kw_li_tt
1621,/title/tt1854589/?ref_=kw_li_tt
1622,/title/tt0443512/?ref_=kw_li_tt
1623,/title/tt0972805/?ref_=kw_li_tt
1624,/title/tt0330247/?ref_=kw_li_tt
1625,/title/tt2071661/?ref_=kw_li_tt
1626,/title/tt0133327/?ref_=kw_li_tt
1627,/title/tt0479705/?ref_=kw_li_tt
1628,/title/tt1205984/?ref_=kw_li_tt
1629,/title/tt0881343/?ref_=kw_li_tt
1630,/title/tt2295712/?ref_=kw_li_tt
1631,/title/tt0298071/?ref_=kw_li_tt
1632,/title/tt0409699/?ref_=kw_li_tt
1633,/title/tt1791679/?ref_=kw_li_tt
1634,/title/tt0856204/?ref_=kw_li_tt
1635,/title/tt0378394/?ref_=kw_li_tt
1636,/title/tt1432150/?ref_=kw_li_tt
1637,/title/tt0294289/?ref_=kw_li_tt
1638,/title/tt2076205/?ref_=kw_li_tt
1639,/title/tt2583530/?ref_=kw_li_tt
1640,/title/tt3856100/?ref_=kw_li_tt
1641,/title/tt2355903/?ref_=kw_li_tt
1642,/title/tt1961265/?ref_=kw_li_tt
1643,/title/tt1316033/?ref_=kw_li_tt
1644,/title/tt1693953/?ref_=kw_li_tt
1645,/title/tt1401256/?ref_=kw_li_tt
1646,/title/tt1339326/?ref_=kw_li_tt
1647,/title/tt0436200/?ref_=kw_li_tt
1648,/title/tt0278162/?ref_=kw_li_tt
1649,/title/tt0465666/?ref_=kw_li_tt
1650,/title/tt0354448/?ref_=kw_li_tt
1651,/title/tt0398791/?ref_=kw_li_tt
1652,/title/tt2643712/?ref_=kw_li_tt
1653,/title/tt0426573/?ref_=kw_li_tt
1654,/title/tt0479631/?ref_=kw_li_tt
1655,/title/tt3956668/?ref_=kw_li_tt
1656,/title/tt1860294/?ref_=kw_li_tt
1657,/title/tt0131596/?ref_=kw_li_tt
1658,/title/tt0289623/?ref_=kw_li_tt
1659,/title/tt2651134/?ref_=kw_li_tt
1660,/title/tt0271798/?ref_=kw_li_tt
1661,/title/tt1490583/?ref_=kw_li_tt
1662,/title/tt0333938/?ref_=kw_li_tt
1663,/title/tt1906440/?ref_=kw_li_tt
1664,/title/tt6043728/?ref_=kw_li_tt
1665,/title/tt1270678/?ref_=kw_li_tt
1666,/title/tt0460926/?ref_=kw_li_tt
1667,/title/tt4135016/?ref_=kw_li_tt
1668,/title/tt0350324/?ref_=kw_li_tt
1669,/title/tt0351031/?ref_=kw_li_tt
1670,/title/tt1926214/?ref_=kw_li_tt
1671,/title/tt1943863/?ref_=kw_li_tt
1672,/title/tt2251491/?ref_=kw_li_tt
1673,/title/tt0479873/?ref_=kw_li_tt
1674,/title/tt0230631/?ref_=kw_li_tt
1675,/title/tt3793632/?ref_=kw_li_tt
1676,/title/tt3156530/?ref_=kw_li_tt
1677,/title/tt2911996/?ref_=kw_li_tt
1678,/title/tt2296665/?ref_=kw_li_tt
1679,/title/tt1621826/?ref_=kw_li_tt
1680,/title/tt0230265/?ref_=kw_li_tt
1681,/title/tt1922747/?ref_=kw_li_tt
1682,/title/tt0306651/?ref_=kw_li_tt
1683,/title/tt4359786/?ref_=kw_li_tt
1684,/title/tt0861699/?ref_=kw_li_tt
1685,/title/tt3924448/?ref_=kw_li_tt
1686,/title/tt0465467/?ref_=kw_li_tt
1687,/title/tt0476359/?ref_=kw_li_tt
1688,/title/tt0462361/?ref_=kw_li_tt
1689,/title/tt7127012/?ref_=kw_li_tt
1690,/title/tt0441737/?ref_=kw_li_tt
1691,/title/tt1564891/?ref_=kw_li_tt
1692,/title/tt0309972/?ref_=kw_li_tt
1693,/title/tt5073746/?ref_=kw_li_tt
1694,/title/tt1284991/?ref_=kw_li_tt
1695,/title/tt0309292/?ref_=kw_li_tt
1696,/title/tt0839969/?ref_=kw_li_tt
1697,/title/tt5775302/?ref_=kw_li_tt
1698,/title/tt0201833/?ref_=kw_li_tt
1699,/title/tt0955829/?ref_=kw_li_tt
1700,/title/tt0488841/?ref_=kw_li_tt
1701,/title/tt2570490/?ref_=kw_li_tt
1702,/title/tt0393110/?ref_=kw_li_tt
1703,/title/tt0473911/?ref_=kw_li_tt
1704,/title/tt2413240/?ref_=kw_li_tt
1705,/title/tt0368186/?ref_=kw_li_tt
1706,/title/tt0169156/?ref_=kw_li_tt
1707,/title/tt6392102/?ref_=kw_li_tt
1708,/title/tt0248928/?ref_=kw_li_tt
1709,/title/tt2267784/?ref_=kw_li_tt
1710,/title/tt3088882/?ref_=kw_li_tt
1711,/title/tt5125092/?ref_=kw_li_tt
1712,/title/tt2360424/?ref_=kw_li_tt
1713,/title/tt2814056/?ref_=kw_li_tt
1714,/title/tt0791315/?ref_=kw_li_tt
1715,/title/tt1327908/?ref_=kw_li_tt
1716,/title/tt1002605/?ref_=kw_li_tt
1717,/title/tt0227578/?ref_=kw_li_tt
1718,/title/tt0156300/?ref_=kw_li_tt
1719,/title/tt2262282/?ref_=kw_li_tt
1720,/title/tt0276860/?ref_=kw_li_tt
1721,/title/tt0330513/?ref_=kw_li_tt
1722,/title/tt1362076/?ref_=kw_li_tt
1723,/title/tt1362559/?ref_=kw_li_tt
1724,/title/tt1158695/?ref_=kw_li_tt
1725,/title/tt1493901/?ref_=kw_li_tt
1726,/title/tt9155302/?ref_=kw_li_tt
1727,/title/tt3713004/?ref_=kw_li_tt
1728,/title/tt0391059/?ref_=kw_li_tt
1729,/title/tt0287393/?ref_=kw_li_tt
1730,/title/tt0484964/?ref_=kw_li_tt
1731,/title/tt2888480/?ref_=kw_li_tt
1732,/title/tt5503490/?ref_=kw_li_tt
1733,/title/tt2191881/?ref_=kw_li_tt
1734,/title/tt1087458/?ref_=kw_li_tt
1735,/title/tt1725065/?ref_=kw_li_tt
1736,/title/tt6571214/?ref_=kw_li_tt
1737,/title/tt0185154/?ref_=kw_li_tt
1738,/title/tt0344568/?ref_=kw_li_tt
1739,/title/tt1525843/?ref_=kw_li_tt
1740,/title/tt0253016/?ref_=kw_li_tt
1741,/title/tt0310622/?ref_=kw_li_tt
1742,/title/tt1158712/?ref_=kw_li_tt
1743,/title/tt0462496/?ref_=kw_li_tt
1744,/title/tt2182028/?ref_=kw_li_tt
1745,/title/tt0300888/?ref_=kw_li_tt
1746,/title/tt0390370/?ref_=kw_li_tt
1747,/title/tt0166800/?ref_=kw_li_tt
1748,/title/tt3025774/?ref_=kw_li_tt
1749,/title/tt1757868/?ref_=kw_li_tt
1750,/title/tt1314659/?ref_=kw_li_tt
1751,/title/tt0425482/?ref_=kw_li_tt
1752,/title/tt2041381/?ref_=kw_li_tt
1753,/title/tt1419560/?ref_=kw_li_tt
1754,/title/tt0259219/?ref_=kw_li_tt
1755,/title/tt1667093/?ref_=kw_li_tt
1756,/title/tt1082093/?ref_=kw_li_tt
1757,/title/tt1107846/?ref_=kw_li_tt
1758,/title/tt3025780/?ref_=kw_li_tt
1759,/title/tt0408896/?ref_=kw_li_tt
1760,/title/tt4440690/?ref_=kw_li_tt
1761,/title/tt0949771/?ref_=kw_li_tt
1762,/title/tt0268581/?ref_=kw_li_tt
1763,/title/tt0443530/?ref_=kw_li_tt
1764,/title/tt6043826/?ref_=kw_li_tt
1765,/title/tt2740874/?ref_=kw_li_tt
1766,/title/tt0495622/?ref_=kw_li_tt
1767,/title/tt2330933/?ref_=kw_li_tt
1768,/title/tt0303334/?ref_=kw_li_tt
1769,/title/tt2433202/?ref_=kw_li_tt
1770,/title/tt2188912/?ref_=kw_li_tt
1771,/title/tt1483557/?ref_=kw_li_tt
1772,/title/tt0120417/?ref_=kw_li_tt
1773,/title/tt0295911/?ref_=kw_li_tt
1774,/title/tt0206771/?ref_=kw_li_tt
1775,/title/tt0157053/?ref_=kw_li_tt
1776,/title/tt2408696/?ref_=kw_li_tt
1777,/title/tt0808312/?ref_=kw_li_tt
1778,/title/tt2420102/?ref_=kw_li_tt
1779,/title/tt1132271/?ref_=kw_li_tt
1780,/title/tt0404908/?ref_=kw_li_tt
1781,/title/tt2402602/?ref_=kw_li_tt
1782,/title/tt1039619/?ref_=kw_li_tt
1783,/title/tt2141697/?ref_=kw_li_tt
1784,/title/tt0783701/?ref_=kw_li_tt
1785,/title/tt8200872/?ref_=kw_li_tt
1786,/title/tt1278229/?ref_=kw_li_tt
1787,/title/tt1793909/?ref_=kw_li_tt
1788,/title/tt7385668/?ref_=kw_li_tt
1789,/title/tt4858722/?ref_=kw_li_tt
1790,/title/tt8717288/?ref_=kw_li_tt
1791,/title/tt0781434/?ref_=kw_li_tt
1792,/title/tt1363460/?ref_=kw_li_tt
1793,/title/tt0335057/?ref_=kw_li_tt
1794,/title/tt0382036/?ref_=kw_li_tt
1795,/title/tt0880573/?ref_=kw_li_tt
1796,/title/tt0823174/?ref_=kw_li_tt
1797,/title/tt0418499/?ref_=kw_li_tt
1798,/title/tt0424496/?ref_=kw_li_tt
1799,/title/tt0470581/?ref_=kw_li_tt
1800,/title/tt0462641/?ref_=kw_li_tt
1801,/title/tt1513755/?ref_=kw_li_tt
1802,/title/tt4721502/?ref_=kw_li_tt
1803,/title/tt0253104/?ref_=kw_li_tt
1804,/title/tt0436345/?ref_=kw_li_tt
1805,/title/tt1621019/?ref_=kw_li_tt
1806,/title/tt1792576/?ref_=kw_li_tt
1807,/title/tt0303324/?ref_=kw_li_tt
1808,/title/tt0410818/?ref_=kw_li_tt
1809,/title/tt1608338/?ref_=kw_li_tt
1810,/title/tt1245660/?ref_=kw_li_tt
1811,/title/tt1315031/?ref_=kw_li_tt
1812,/title/tt0877351/?ref_=kw_li_tt
1813,/title/tt0282612/?ref_=kw_li_tt
1814,/title/tt1173716/?ref_=kw_li_tt
1815,/title/tt3060670/?ref_=kw_li_tt
1816,/title/tt1020048/?ref_=kw_li_tt
1817,/title/tt3044748/?ref_=kw_li_tt
1818,/title/tt1270107/?ref_=kw_li_tt
1819,/title/tt0378460/?ref_=kw_li_tt
1820,/title/tt1811303/?ref_=kw_li_tt
1821,/title/tt0150290/?ref_=kw_li_tt
1822,/title/tt0148002/?ref_=kw_li_tt
1823,/title/tt3569014/?ref_=kw_li_tt
1824,/title/tt0355977/?ref_=kw_li_tt
1825,/title/tt0462187/?ref_=kw_li_tt
1826,/title/tt0480152/?ref_=kw_li_tt
1827,/title/tt2804994/?ref_=kw_li_tt
1828,/title/tt1315054/?ref_=kw_li_tt
1829,/title/tt3722262/?ref_=kw_li_tt
1830,/title/tt0221561/?ref_=kw_li_tt
1831,/title/tt2084981/?ref_=kw_li_tt
1832,/title/tt1521710/?ref_=kw_li_tt
1833,/title/tt1432228/?ref_=kw_li_tt
1834,/title/tt0346463/?ref_=kw_li_tt
1835,/title/tt1494659/?ref_=kw_li_tt
1836,/title/tt0375755/?ref_=kw_li_tt
1837,/title/tt1508012/?ref_=kw_li_tt
1838,/title/tt1924266/?ref_=kw_li_tt
1839,/title/tt0282542/?ref_=kw_li_tt
1840,/title/tt1527742/?ref_=kw_li_tt
1841,/title/tt0893525/?ref_=kw_li_tt
1842,/title/tt0889145/?ref_=kw_li_tt
1843,/title/tt1496846/?ref_=kw_li_tt
1844,/title/tt0304907/?ref_=kw_li_tt
1845,/title/tt3501686/?ref_=kw_li_tt
1846,/title/tt0809517/?ref_=kw_li_tt
1847,/title/tt1341764/?ref_=kw_li_tt
1848,/title/tt2099763/?ref_=kw_li_tt
1849,/title/tt0853116/?ref_=kw_li_tt
1850,/title/tt0285327/?ref_=kw_li_tt
1851,/title/tt0253956/?ref_=kw_li_tt
1852,/title/tt0178866/?ref_=kw_li_tt
1853,/title/tt0440375/?ref_=kw_li_tt
1854,/title/tt1872188/?ref_=kw_li_tt
1855,/title/tt0346054/?ref_=kw_li_tt
1856,/title/tt3469906/?ref_=kw_li_tt
1857,/title/tt5069098/?ref_=kw_li_tt
1858,/title/tt2145676/?ref_=kw_li_tt
1859,/title/tt0389473/?ref_=kw_li_tt
1860,/title/tt0395763/?ref_=kw_li_tt
1861,/title/tt2950214/?ref_=kw_li_tt
1862,/title/tt3967924/?ref_=kw_li_tt
1863,/title/tt1496035/?ref_=kw_li_tt
1864,/title/tt0970951/?ref_=kw_li_tt
1865,/title/tt1744822/?ref_=kw_li_tt
1866,/title/tt0294707/?ref_=kw_li_tt
1867,/title/tt0464219/?ref_=kw_li_tt
1868,/title/tt0367869/?ref_=kw_li_tt
1869,/title/tt0483983/?ref_=kw_li_tt
1870,/title/tt1500845/?ref_=kw_li_tt
1871,/title/tt3010604/?ref_=kw_li_tt
1872,/title/tt3832908/?ref_=kw_li_tt
1873,/title/tt0376172/?ref_=kw_li_tt
1874,/title/tt1466467/?ref_=kw_li_tt
1875,/title/tt0211636/?ref_=kw_li_tt
1876,/title/tt0207363/?ref_=kw_li_tt
1877,/title/tt1464581/?ref_=kw_li_tt
1878,/title/tt0396102/?ref_=kw_li_tt
1879,/title/tt1620790/?ref_=kw_li_tt
1880,/title/tt1467366/?ref_=kw_li_tt
1881,/title/tt1161405/?ref_=kw_li_tt
1882,/title/tt1966509/?ref_=kw_li_tt
1883,/title/tt1520982/?ref_=kw_li_tt
1884,/title/tt1516117/?ref_=kw_li_tt
1885,/title/tt5815526/?ref_=kw_li_tt
1886,/title/tt2234162/?ref_=kw_li_tt
1887,/title/tt1407943/?ref_=kw_li_tt
1888,/title/tt0146601/?ref_=kw_li_tt
1889,/title/tt3327706/?ref_=kw_li_tt
1890,/title/tt1305766/?ref_=kw_li_tt
1891,/title/tt1337512/?ref_=kw_li_tt
1892,/title/tt1505053/?ref_=kw_li_tt
1893,/title/tt0440016/?ref_=kw_li_tt
1894,/title/tt1172523/?ref_=kw_li_tt
1895,/title/tt0475333/?ref_=kw_li_tt
1896,/title/tt1521717/?ref_=kw_li_tt
1897,/title/tt0483280/?ref_=kw_li_tt
1898,/title/tt1305132/?ref_=kw_li_tt
1899,/title/tt4460252/?ref_=kw_li_tt
1900,/title/tt2066128/?ref_=kw_li_tt
1901,/title/tt1543222/?ref_=kw_li_tt
1902,/title/tt0379752/?ref_=kw_li_tt
1903,/title/tt0907870/?ref_=kw_li_tt
1904,/title/tt0380070/?ref_=kw_li_tt
1905,/title/tt0423023/?ref_=kw_li_tt
1906,/title/tt4059836/?ref_=kw_li_tt
1907,/title/tt0208679/?ref_=kw_li_tt
1908,/title/tt5035314/?ref_=kw_li_tt
1909,/title/tt1947996/?ref_=kw_li_tt
1910,/title/tt0486145/?ref_=kw_li_tt
1911,/title/tt3212706/?ref_=kw_li_tt
1912,/title/tt4507820/?ref_=kw_li_tt
1913,/title/tt1067108/?ref_=kw_li_tt
1914,/title/tt1499958/?ref_=kw_li_tt
1915,/title/tt1469864/?ref_=kw_li_tt
1916,/title/tt1855226/?ref_=kw_li_tt
1917,/title/tt1475132/?ref_=kw_li_tt
1918,/title/tt1202036/?ref_=kw_li_tt
1919,/title/tt1477705/?ref_=kw_li_tt
1920,/title/tt4368732/?ref_=kw_li_tt
1921,/title/tt0843583/?ref_=kw_li_tt
1922,/title/tt2776652/?ref_=kw_li_tt
1923,/title/tt1338660/?ref_=kw_li_tt
1924,/title/tt1527069/?ref_=kw_li_tt
1925,/title/tt1268950/?ref_=kw_li_tt
1926,/title/tt7921234/?ref_=kw_li_tt
1927,/title/tt0757874/?ref_=kw_li_tt
1928,/title/tt0215090/?ref_=kw_li_tt
1929,/title/tt3710096/?ref_=kw_li_tt
1930,/title/tt0481952/?ref_=kw_li_tt
1931,/title/tt1375779/?ref_=kw_li_tt
1932,/title/tt0335984/?ref_=kw_li_tt
1933,/title/tt0269027/?ref_=kw_li_tt
1934,/title/tt1186822/?ref_=kw_li_tt
1935,/title/tt1560969/?ref_=kw_li_tt
1936,/title/tt1966475/?ref_=kw_li_tt
1937,/title/tt3576814/?ref_=kw_li_tt
1938,/title/tt1286141/?ref_=kw_li_tt
1939,/title/tt1277147/?ref_=kw_li_tt
1940,/title/tt6562252/?ref_=kw_li_tt
1941,/title/tt1748056/?ref_=kw_li_tt
1942,/title/tt4386532/?ref_=kw_li_tt
1943,/title/tt3835904/?ref_=kw_li_tt
1944,/title/tt0401713/?ref_=kw_li_tt
1945,/title/tt0436754/?ref_=kw_li_tt
1946,/title/tt4205528/?ref_=kw_li_tt
1947,/title/tt1520877/?ref_=kw_li_tt
1948,/title/tt1500180/?ref_=kw_li_tt
1949,/title/tt4966130/?ref_=kw_li_tt
1950,/title/tt0150941/?ref_=kw_li_tt
1951,/title/tt1508021/?ref_=kw_li_tt
1952,/title/tt0814117/?ref_=kw_li_tt
1953,/title/tt0448998/?ref_=kw_li_tt
1954,/title/tt0772906/?ref_=kw_li_tt
1955,/title/tt2309015/?ref_=kw_li_tt
1956,/title/tt1508009/?ref_=kw_li_tt
1957,/title/tt3393702/?ref_=kw_li_tt
1958,/title/tt1825763/?ref_=kw_li_tt
1959,/title/tt1224437/?ref_=kw_li_tt
1960,/title/tt1504449/?ref_=kw_li_tt
1961,/title/tt1730320/?ref_=kw_li_tt
1962,/title/tt4045448/?ref_=kw_li_tt
1963,/title/tt0396240/?ref_=kw_li_tt
1964,/title/tt0360521/?ref_=kw_li_tt
1965,/title/tt1425634/?ref_=kw_li_tt
1966,/title/tt2621714/?ref_=kw_li_tt
1967,/title/tt1524123/?ref_=kw_li_tt
1968,/title/tt1980091/?ref_=kw_li_tt
1969,/title/tt0220514/?ref_=kw_li_tt
1970,/title/tt6131632/?ref_=kw_li_tt
1971,/title/tt2125548/?ref_=kw_li_tt
1972,/title/tt2568072/?ref_=kw_li_tt
1973,/title/tt1233253/?ref_=kw_li_tt
1974,/title/tt4616080/?ref_=kw_li_tt
1975,/title/tt5588952/?ref_=kw_li_tt
1976,/title/tt1871291/?ref_=kw_li_tt
1977,/title/tt1134014/?ref_=kw_li_tt
1978,/title/tt2403292/?ref_=kw_li_tt
1979,/title/tt1553230/?ref_=kw_li_tt
1980,/title/tt1513878/?ref_=kw_li_tt
1981,/title/tt0462630/?ref_=kw_li_tt
1982,/title/tt0409954/?ref_=kw_li_tt
1983,/title/tt2101390/?ref_=kw_li_tt
1984,/title/tt0435505/?ref_=kw_li_tt
1985,/title/tt0424309/?ref_=kw_li_tt
1986,/title/tt0438285/?ref_=kw_li_tt
1987,/title/tt1404728/?ref_=kw_li_tt
1988,/title/tt0427662/?ref_=kw_li_tt
1989,/title/tt3733072/?ref_=kw_li_tt
1990,/title/tt1413950/?ref_=kw_li_tt
1991,/title/tt0383476/?ref_=kw_li_tt
1992,/title/tt0287074/?ref_=kw_li_tt
1993,/title/tt1617083/?ref_=kw_li_tt
1994,/title/tt2017703/?ref_=kw_li_tt
1995,/title/tt1679321/?ref_=kw_li_tt
1996,/title/tt0390036/?ref_=kw_li_tt
1997,/title/tt1921113/?ref_=kw_li_tt
1998,/title/tt1329437/?ref_=kw_li_tt
1999,/title/tt1524105/?ref_=kw_li_tt
2000,/title/tt0825331/?ref_=kw_li_tt
2001,/title/tt0292577/?ref_=kw_li_tt
2002,/title/tt1156075/?ref_=kw_li_tt
2003,/title/tt0250643/?ref_=kw_li_tt
2004,/title/tt9105886/?ref_=kw_li_tt
2005,/title/tt1114727/?ref_=kw_li_tt
2006,/title/tt1365592/?ref_=kw_li_tt
2007,/title/tt0370809/?ref_=kw_li_tt
2008,/title/tt1832975/?ref_=kw_li_tt
2009,/title/tt2383236/?ref_=kw_li_tt
2010,/title/tt0359961/?ref_=kw_li_tt
2011,/title/tt1185600/?ref_=kw_li_tt
2012,/title/tt1013641/?ref_=kw_li_tt
2013,/title/tt1833133/?ref_=kw_li_tt
2014,/title/tt0457751/?ref_=kw_li_tt
2015,/title/tt0810891/?ref_=kw_li_tt
2016,/title/tt2758878/?ref_=kw_li_tt
2017,/title/tt1253595/?ref_=kw_li_tt
2018,/title/tt0427614/?ref_=kw_li_tt
2019,/title/tt2890142/?ref_=kw_li_tt
2020,/title/tt6440286/?ref_=kw_li_tt
2021,/title/tt0417776/?ref_=kw_li_tt
2022,/title/tt1981150/?ref_=kw_li_tt
2023,/title/tt0348055/?ref_=kw_li_tt
2024,/title/tt1521761/?ref_=kw_li_tt
2025,/title/tt8444642/?ref_=kw_li_tt
2026,/title/tt0818620/?ref_=kw_li_tt
2027,/title/tt4791920/?ref_=kw_li_tt
2028,/title/tt2231259/?ref_=kw_li_tt
2029,/title/tt5339756/?ref_=kw_li_tt
2030,/title/tt2931864/?ref_=kw_li_tt
2031,/title/tt0447538/?ref_=kw_li_tt
2032,/title/tt1493081/?ref_=kw_li_tt
2033,/title/tt1522233/?ref_=kw_li_tt
2034,/title/tt6257378/?ref_=kw_li_tt
2035,/title/tt1556669/?ref_=kw_li_tt
2036,/title/tt4103394/?ref_=kw_li_tt
2037,/title/tt3329524/?ref_=kw_li_tt
2038,/title/tt0481572/?ref_=kw_li_tt
2039,/title/tt6931292/?ref_=kw_li_tt
2040,/title/tt1326819/?ref_=kw_li_tt
2041,/title/tt1508016/?ref_=kw_li_tt
2042,/title/tt1982772/?ref_=kw_li_tt
2043,/title/tt7847620/?ref_=kw_li_tt
2044,/title/tt3646026/?ref_=kw_li_tt
2045,/title/tt7350814/?ref_=kw_li_tt
2046,/title/tt1513883/?ref_=kw_li_tt
2047,/title/tt2595610/?ref_=kw_li_tt
2048,/title/tt0409472/?ref_=kw_li_tt
2049,/title/tt8485248/?ref_=kw_li_tt
2050,/title/tt1479780/?ref_=kw_li_tt
2051,/title/tt1202225/?ref_=kw_li_tt
2052,/title/tt1217299/?ref_=kw_li_tt
2053,/title/tt1391085/?ref_=kw_li_tt
2054,/title/tt1207744/?ref_=kw_li_tt
2055,/title/tt0968253/?ref_=kw_li_tt
2056,/title/tt0452735/?ref_=kw_li_tt
2057,/title/tt1451722/?ref_=kw_li_tt
2058,/title/tt1525571/?ref_=kw_li_tt
2059,/title/tt1526624/?ref_=kw_li_tt
2060,/title/tt3482818/?ref_=kw_li_tt
2061,/title/tt1340706/?ref_=kw_li_tt
2062,/title/tt4112792/?ref_=kw_li_tt
2063,/title/tt1126490/?ref_=kw_li_tt
2064,/title/tt1712127/?ref_=kw_li_tt
2065,/title/tt0468455/?ref_=kw_li_tt
2066,/title/tt4316256/?ref_=kw_li_tt
2067,/title/tt1131610/?ref_=kw_li_tt
2068,/title/tt6426938/?ref_=kw_li_tt
2069,/title/tt0424229/?ref_=kw_li_tt
2070,/title/tt3327016/?ref_=kw_li_tt
2071,/title/tt1679239/?ref_=kw_li_tt
2072,/title/tt0484314/?ref_=kw_li_tt
2073,/title/tt0251047/?ref_=kw_li_tt
2074,/title/tt0448113/?ref_=kw_li_tt
2075,/title/tt1743265/?ref_=kw_li_tt
2076,/title/tt1470897/?ref_=kw_li_tt
2077,/title/tt0140046/?ref_=kw_li_tt
2078,/title/tt1418901/?ref_=kw_li_tt
2079,/title/tt1475136/?ref_=kw_li_tt
2080,/title/tt1156079/?ref_=kw_li_tt
2081,/title/tt7847564/?ref_=kw_li_tt
2082,/title/tt1655426/?ref_=kw_li_tt
2083,/title/tt1937226/?ref_=kw_li_tt
2084,/title/tt4008962/?ref_=kw_li_tt
2085,/title/tt5306286/?ref_=kw_li_tt
2086,/title/tt1351269/?ref_=kw_li_tt
2087,/title/tt1326833/?ref_=kw_li_tt
2088,/title/tt1080700/?ref_=kw_li_tt
2089,/title/tt1326806/?ref_=kw_li_tt
2090,/title/tt4076134/?ref_=kw_li_tt
2091,/title/tt3142644/?ref_=kw_li_tt
2092,/title/tt4079596/?ref_=kw_li_tt
2093,/title/tt0783681/?ref_=kw_li_tt
2094,/title/tt1974188/?ref_=kw_li_tt
2095,/title/tt6649786/?ref_=kw_li_tt
2096,/title/tt6377464/?ref_=kw_li_tt
2097,/title/tt1521784/?ref_=kw_li_tt
2098,/title/tt3960140/?ref_=kw_li_tt
2099,/title/tt1521098/?ref_=kw_li_tt
2100,/title/tt0285119/?ref_=kw_li_tt
2101,/title/tt8380520/?ref_=kw_li_tt
2102,/title/tt0406943/?ref_=kw_li_tt
2103,/title/tt1517822/?ref_=kw_li_tt
2104,/title/tt1118648/?ref_=kw_li_tt
2105,/title/tt0290477/?ref_=kw_li_tt
2106,/title/tt3450290/?ref_=kw_li_tt
2107,/title/tt4893724/?ref_=kw_li_tt
2108,/title/tt3353426/?ref_=kw_li_tt
2109,/title/tt1519431/?ref_=kw_li_tt
2110,/title/tt0403198/?ref_=kw_li_tt
2111,/title/tt1451794/?ref_=kw_li_tt
2112,/title/tt1485108/?ref_=kw_li_tt
2113,/title/tt1337070/?ref_=kw_li_tt
2114,/title/tt0362933/?ref_=kw_li_tt
2115,/title/tt0278018/?ref_=kw_li_tt
2116,/title/tt0358530/?ref_=kw_li_tt
2117,/title/tt0800950/?ref_=kw_li_tt
2118,/title/tt2765356/?ref_=kw_li_tt
2119,/title/tt0398889/?ref_=kw_li_tt
2120,/title/tt0259723/?ref_=kw_li_tt
2121,/title/tt1849042/?ref_=kw_li_tt
2122,/title/tt2698518/?ref_=kw_li_tt
2123,/title/tt0304899/?ref_=kw_li_tt
2124,/title/tt0934895/?ref_=kw_li_tt
2125,/title/tt0820471/?ref_=kw_li_tt
2126,/title/tt3547238/?ref_=kw_li_tt
2127,/title/tt1524052/?ref_=kw_li_tt
2128,/title/tt5818154/?ref_=kw_li_tt
2129,/title/tt0226877/?ref_=kw_li_tt
2130,/title/tt1326904/?ref_=kw_li_tt
2131,/title/tt1466985/?ref_=kw_li_tt
2132,/title/tt1043566/?ref_=kw_li_tt
2133,/title/tt1080597/?ref_=kw_li_tt
2134,/title/tt1924233/?ref_=kw_li_tt
2135,/title/tt0790675/?ref_=kw_li_tt
2136,/title/tt1520836/?ref_=kw_li_tt
2137,/title/tt1613060/?ref_=kw_li_tt
2138,/title/tt1475324/?ref_=kw_li_tt
2139,/title/tt4728324/?ref_=kw_li_tt
2140,/title/tt0808543/?ref_=kw_li_tt
2141,/title/tt8656114/?ref_=kw_li_tt
2142,/title/tt2649202/?ref_=kw_li_tt
2143,/title/tt1943721/?ref_=kw_li_tt
2144,/title/tt4283110/?ref_=kw_li_tt
2145,/title/tt1772319/?ref_=kw_li_tt
2146,/title/tt1340592/?ref_=kw_li_tt
2147,/title/tt0418260/?ref_=kw_li_tt
2148,/title/tt3893326/?ref_=kw_li_tt
2149,/title/tt0149648/?ref_=kw_li_tt
2150,/title/tt1483513/?ref_=kw_li_tt
2151,/title/tt2063705/?ref_=kw_li_tt
2152,/title/tt1325595/?ref_=kw_li_tt
2153,/title/tt1517605/?ref_=kw_li_tt
2154,/title/tt2474768/?ref_=kw_li_tt
2155,/title/tt4275130/?ref_=kw_li_tt
2156,/title/tt1474593/?ref_=kw_li_tt
2157,/title/tt2043938/?ref_=kw_li_tt
2158,/title/tt2473382/?ref_=kw_li_tt
2159,/title/tt1326934/?ref_=kw_li_tt
2160,/title/tt6722978/?ref_=kw_li_tt
2161,/title/tt0330734/?ref_=kw_li_tt
2162,/title/tt1849171/?ref_=kw_li_tt
2163,/title/tt1927120/?ref_=kw_li_tt
2164,/title/tt1497614/?ref_=kw_li_tt
2165,/title/tt1144931/?ref_=kw_li_tt
2166,/title/tt2235723/?ref_=kw_li_tt
2167,/title/tt1339169/?ref_=kw_li_tt
2168,/title/tt0482452/?ref_=kw_li_tt
2169,/title/tt3571010/?ref_=kw_li_tt
2170,/title/tt1500197/?ref_=kw_li_tt
2171,/title/tt4497034/?ref_=kw_li_tt
2172,/title/tt1256531/?ref_=kw_li_tt
2173,/title/tt3075574/?ref_=kw_li_tt
2174,/title/tt0770174/?ref_=kw_li_tt
2175,/title/tt1244590/?ref_=kw_li_tt
2176,/title/tt1918883/?ref_=kw_li_tt
2177,/title/tt0810942/?ref_=kw_li_tt
2178,/title/tt1433331/?ref_=kw_li_tt
2179,/title/tt0401573/?ref_=kw_li_tt
2180,/title/tt0772117/?ref_=kw_li_tt
2181,/title/tt1496403/?ref_=kw_li_tt
2182,/title/tt4237488/?ref_=kw_li_tt
2183,/title/tt6356338/?ref_=kw_li_tt
2184,/title/tt3624914/?ref_=kw_li_tt
2185,/title/tt2201025/?ref_=kw_li_tt
2186,/title/tt1527721/?ref_=kw_li_tt
2187,/title/tt1737734/?ref_=kw_li_tt
2188,/title/tt2365903/?ref_=kw_li_tt
2189,/title/tt0825269/?ref_=kw_li_tt
2190,/title/tt6081240/?ref_=kw_li_tt
2191,/title/tt1493063/?ref_=kw_li_tt
2192,/title/tt1865407/?ref_=kw_li_tt
2193,/title/tt1420549/?ref_=kw_li_tt
2194,/title/tt3970556/?ref_=kw_li_tt
2195,/title/tt1479324/?ref_=kw_li_tt
2196,/title/tt1806936/?ref_=kw_li_tt
2197,/title/tt1508019/?ref_=kw_li_tt
2198,/title/tt1329416/?ref_=kw_li_tt
2199,/title/tt0988046/?ref_=kw_li_tt
2200,/title/tt8144652/?ref_=kw_li_tt
2201,/title/tt1504445/?ref_=kw_li_tt
2202,/title/tt1278240/?ref_=kw_li_tt
2203,/title/tt1653130/?ref_=kw_li_tt
2204,/title/tt1158683/?ref_=kw_li_tt
2205,/title/tt1158731/?ref_=kw_li_tt
2206,/title/tt3955248/?ref_=kw_li_tt
2207,/title/tt0479128/?ref_=kw_li_tt
2208,/title/tt3677074/?ref_=kw_li_tt
2209,/title/tt1337481/?ref_=kw_li_tt
2210,/title/tt0819108/?ref_=kw_li_tt
2211,/title/tt0254724/?ref_=kw_li_tt
2212,/title/tt1599285/?ref_=kw_li_tt
2213,/title/tt0435131/?ref_=kw_li_tt
2214,/title/tt4365732/?ref_=kw_li_tt
2215,/title/tt1584013/?ref_=kw_li_tt
2216,/title/tt1515865/?ref_=kw_li_tt
2217,/title/tt1139379/?ref_=kw_li_tt
2218,/title/tt2522948/?ref_=kw_li_tt
2219,/title/tt2067036/?ref_=kw_li_tt
2220,/title/tt2082520/?ref_=kw_li_tt
2221,/title/tt1830783/?ref_=kw_li_tt
2222,/title/tt1496453/?ref_=kw_li_tt
2223,/title/tt1504245/?ref_=kw_li_tt
2224,/title/tt5082824/?ref_=kw_li_tt
2225,/title/tt1508961/?ref_=kw_li_tt
2226,/title/tt1427308/?ref_=kw_li_tt
2227,/title/tt1323974/?ref_=kw_li_tt
2228,/title/tt1442039/?ref_=kw_li_tt
2229,/title/tt9228632/?ref_=kw_li_tt
2230,/title/tt1522249/?ref_=kw_li_tt
2231,/title/tt5169958/?ref_=kw_li_tt
2232,/title/tt2570228/?ref_=kw_li_tt
2233,/title/tt1149358/?ref_=kw_li_tt
2234,/title/tt1672181/?ref_=kw_li_tt
2235,/title/tt4596868/?ref_=kw_li_tt
2236,/title/tt0245295/?ref_=kw_li_tt
2237,/title/tt1541873/?ref_=kw_li_tt
2238,/title/tt1754573/?ref_=kw_li_tt
2239,/title/tt3784646/?ref_=kw_li_tt
2240,/title/tt1556642/?ref_=kw_li_tt
2241,/title/tt1504231/?ref_=kw_li_tt
2242,/title/tt1666775/?ref_=kw_li_tt
2243,/title/tt1501306/?ref_=kw_li_tt
2244,/title/tt7352252/?ref_=kw_li_tt
2245,/title/tt1789808/?ref_=kw_li_tt
2246,/title/tt1536431/?ref_=kw_li_tt
2247,/title/tt1513782/?ref_=kw_li_tt
2248,/title/tt1248980/?ref_=kw_li_tt
2249,/title/tt1362443/?ref_=kw_li_tt
2250,/title/tt1470610/?ref_=kw_li_tt
2251,/title/tt1518220/?ref_=kw_li_tt
2252,/title/tt0860553/?ref_=kw_li_tt
2253,/title/tt0454896/?ref_=kw_li_tt
2254,/title/tt4365604/?ref_=kw_li_tt
2255,/title/tt1385555/?ref_=kw_li_tt
2256,/title/tt5986804/?ref_=kw_li_tt
2257,/title/tt1272037/?ref_=kw_li_tt
2258,/title/tt2331153/?ref_=kw_li_tt
2259,/title/tt1964606/?ref_=kw_li_tt
2260,/title/tt2249031/?ref_=kw_li_tt
2261,/title/tt1339107/?ref_=kw_li_tt
2262,/title/tt1500155/?ref_=kw_li_tt
2263,/title/tt1504685/?ref_=kw_li_tt
2264,/title/tt1436368/?ref_=kw_li_tt
2265,/title/tt4531352/?ref_=kw_li_tt
2266,/title/tt2481196/?ref_=kw_li_tt
2267,/title/tt1493076/?ref_=kw_li_tt
2268,/title/tt1391081/?ref_=kw_li_tt
2269,/title/tt1499409/?ref_=kw_li_tt
2270,/title/tt1466485/?ref_=kw_li_tt
2271,/title/tt1112730/?ref_=kw_li_tt
2272,/title/tt1482213/?ref_=kw_li_tt
2273,/title/tt0280932/?ref_=kw_li_tt
2274,/title/tt2191729/?ref_=kw_li_tt
2275,/title/tt2501674/?ref_=kw_li_tt
2276,/title/tt1520920/?ref_=kw_li_tt
2277,/title/tt1549084/?ref_=kw_li_tt
2278,/title/tt5182150/?ref_=kw_li_tt
2279,/title/tt1387516/?ref_=kw_li_tt
2280,/title/tt2322068/?ref_=kw_li_tt
2281,/title/tt4481550/?ref_=kw_li_tt
2282,/title/tt1412443/?ref_=kw_li_tt
2283,/title/tt2417694/?ref_=kw_li_tt
2284,/title/tt1485109/?ref_=kw_li_tt
2285,/title/tt1913067/?ref_=kw_li_tt
2286,/title/tt1540979/?ref_=kw_li_tt
2287,/title/tt8923022/?ref_=kw_li_tt
2288,/title/tt5265370/?ref_=kw_li_tt
2289,/title/tt6549812/?ref_=kw_li_tt
2290,/title/tt3651892/?ref_=kw_li_tt
2291,/title/tt2416146/?ref_=kw_li_tt
2292,/title/tt8123284/?ref_=kw_li_tt
2293,/title/tt2486352/?ref_=kw_li_tt
2294,/title/tt3924368/?ref_=kw_li_tt
2295,/title/tt1524126/?ref_=kw_li_tt
2296,/title/tt1521744/?ref_=kw_li_tt
2297,/title/tt0389432/?ref_=kw_li_tt
2298,/title/tt3442712/?ref_=kw_li_tt
2299,/title/tt0846699/?ref_=kw_li_tt
2300,/title/tt1298579/?ref_=kw_li_tt
2301,/title/tt1512741/?ref_=kw_li_tt
2302,/title/tt0907113/?ref_=kw_li_tt
2303,/title/tt3333158/?ref_=kw_li_tt
2304,/title/tt1462721/?ref_=kw_li_tt
2305,/title/tt0408212/?ref_=kw_li_tt
2306,/title/tt3483296/?ref_=kw_li_tt
2307,/title/tt1557663/?ref_=kw_li_tt
2308,/title/tt1269708/?ref_=kw_li_tt
2309,/title/tt0209135/?ref_=kw_li_tt
2310,/title/tt1502925/?ref_=kw_li_tt
2311,/title/tt2451322/?ref_=kw_li_tt
2312,/title/tt3887898/?ref_=kw_li_tt
2313,/title/tt1642255/?ref_=kw_li_tt
2314,/title/tt0470884/?ref_=kw_li_tt
2315,/title/tt5473162/?ref_=kw_li_tt
2316,/title/tt5307236/?ref_=kw_li_tt
2317,/title/tt3458540/?ref_=kw_li_tt
2318,/title/tt6499712/?ref_=kw_li_tt
2319,/title/tt1489966/?ref_=kw_li_tt
2320,/title/tt2352064/?ref_=kw_li_tt
2321,/title/tt5306238/?ref_=kw_li_tt
2322,/title/tt1857736/?ref_=kw_li_tt
2323,/title/tt1931576/?ref_=kw_li_tt
